userId,themaCode
dsxzsg@google.com,"['A0302', 'A0401', 'A0302', 'A0101', 'B0201']"
pahnhs@google.com,"['A0208', 'A0202', 'A0203', 'A0201', 'A0502']"
yxgnjwu75@google.com,"['A0401', 'A0208', 'A0202', 'A0202', 'A0101']"
ritx@google.com,"['A0302', 'A0208', 'A0502', 'A0201', 'A0208']"
vxfqppzt8154@google.com,"['A0401', 'A0302', 'A0201', 'A0203', 'A0401']"
wultkyo6992@google.com,"['B0201', 'A0208', 'A0201', 'A0302', 'A0302']"
yuru25@google.com,"['A0101', 'A0302', 'A0203', 'A0302', 'A0201']"
rtrttjt974@google.com,"['A0206', 'A0207', 'A0502', 'A0101', 'A0202']"
qqsks7@google.com,"['A0502', 'A0206', 'A0101', 'B0201', 'A0208']"
tdwfwzrd@google.com,"['A0203', 'A0206', 'A0208', 'A0401', 'A0208']"
ttdiauj9@google.com,"['A0101', 'A0206', 'A0401', 'A0208', 'A0206']"
gvez74@google.com,"['A0207', 'A0502', 'A0201', 'A0208', 'A0203']"
ajqte@google.com,"['A0201', 'A0502', 'A0206', 'A0201', 'A0302']"
dttcguev@google.com,"['A0202', 'A0206', 'A0208', 'B0201', 'A0207']"
zjnhu@google.com,"['A0202', 'A0202', 'A0101', 'A0302', 'A0401']"
pegbhxz5@google.com,"['A0201', 'A0202', 'B0201', 'A0101', 'A0502']"
xeoyzby9@google.com,"['A0206', 'A0203', 'A0206', 'A0101', 'A0401']"
htnjrvhs90@google.com,"['A0206', 'A0502', 'A0206', 'A0201', 'A0201']"
jvdiuyf@google.com,"['A0203', 'A0207', 'A0208', 'A0203', 'A0502']"
suoy@google.com,"['A0502', 'A0101', 'A0302', 'A0201', 'B0201']"
kqblssb763@google.com,"['A0206', 'A0206', 'A0302', 'A0207', 'A0207']"
bzqr994@google.com,"['A0207', 'A0202', 'A0203', 'B0201', 'A0202']"
qoswic9@google.com,"['A0206', 'A0201', 'A0502', 'A0207', 'A0202']"
glnsai869@google.com,"['A0401', 'A0502', 'A0401', 'A0401', 'A0208']"
zkgp9430@google.com,"['A0201', 'A0207', 'B0201', 'A0203', 'A0302']"
fscinqd683@google.com,"['A0206', 'B0201', 'A0502', 'A0302', 'A0302']"
rotj5187@google.com,"['A0401', 'A0202', 'B0201', 'A0401', 'B0201']"
sxgng21@google.com,"['A0203', 'A0208', 'A0502', 'A0201', 'A0101']"
rpolelu@google.com,"['A0208', 'A0208', 'A0202', 'A0502', 'A0202']"
xodnez7@google.com,"['A0101', 'A0202', 'A0302', 'A0207', 'A0207']"
givzetkv@google.com,"['A0206', 'A0201', 'A0101', 'B0201', 'A0207']"
ebli6910@google.com,"['A0401', 'A0202', 'A0207', 'A0101', 'A0502']"
fcynwx95@google.com,"['A0207', 'A0401', 'A0401', 'A0201', 'A0203']"
ihgmrl08@google.com,"['A0202', 'A0302', 'A0203', 'A0302', 'A0206']"
uoddnajs440@google.com,"['A0207', 'A0203', 'A0206', 'A0208', 'A0206']"
njvr@google.com,"['A0502', 'A0201', 'A0206', 'A0201', 'B0201']"
fqgooj1123@google.com,"['A0502', 'A0207', 'A0202', 'A0202', 'A0502']"
adypadr66@google.com,"['A0201', 'A0207', 'B0201', 'A0202', 'A0201']"
xzzemqud7@google.com,"['A0201', 'A0207', 'A0201', 'A0207', 'A0206']"
tglosr@google.com,"['A0502', 'A0302', 'B0201', 'A0401', 'B0201']"
qijxagnt067@google.com,"['A0202', 'A0207', 'A0502', 'A0206', 'A0302']"
tmyefl77@google.com,"['A0302', 'A0208', 'A0401', 'A0101', 'A0206']"
uozjx@google.com,"['A0203', 'A0401', 'A0202', 'A0206', 'A0401']"
mrhi6816@google.com,"['A0203', 'A0302', 'B0201', 'A0208', 'A0208']"
ccjb@google.com,"['A0208', 'A0101', 'A0502', 'A0502', 'A0202']"
opsvfvdf07@google.com,"['A0207', 'A0101', 'A0302', 'B0201', 'A0203']"
ncmwrl29@google.com,"['A0401', 'A0201', 'A0207', 'A0401', 'B0201']"
pipz@google.com,"['A0203', 'A0201', 'A0201', 'A0202', 'A0207']"
gtnadt32@google.com,"['A0207', 'A0208', 'A0202', 'A0502', 'A0206']"
vyldlsfm243@google.com,"['A0203', 'A0203', 'A0202', 'A0401', 'A0202']"
yfhm78@google.com,"['A0207', 'A0202', 'A0206', 'A0207', 'A0208']"
qdftjw587@google.com,"['A0207', 'A0201', 'A0502', 'B0201', 'A0101']"
nsgh88@google.com,"['A0502', 'A0208', 'A0202', 'A0401', 'B0201']"
cxorpo231@google.com,"['A0208', 'A0207', 'A0206', 'A0201', 'A0302']"
ycupntde19@google.com,"['A0208', 'A0101', 'A0207', 'A0201', 'A0101']"
hvas@google.com,"['A0201', 'A0203', 'A0201', 'A0401', 'A0101']"
eiwyezh70@google.com,"['A0203', 'A0208', 'A0202', 'A0207', 'A0101']"
rnflt7@google.com,"['A0401', 'A0502', 'A0202', 'A0302', 'A0206']"
eviraxj1@google.com,"['A0208', 'A0502', 'A0101', 'A0101', 'B0201']"
webvzccz8@google.com,"['B0201', 'A0401', 'A0202', 'A0302', 'A0302']"
ftvcrhil5@google.com,"['A0202', 'B0201', 'A0202', 'A0207', 'A0208']"
ndjmqbrv4@google.com,"['A0201', 'A0207', 'B0201', 'A0207', 'A0207']"
gtvo@google.com,"['A0206', 'A0401', 'B0201', 'A0101', 'A0203']"
zxhlpcjv39@google.com,"['A0302', 'B0201', 'A0302', 'A0302', 'A0207']"
gyvdn22@google.com,"['A0202', 'A0208', 'A0201', 'A0502', 'A0502']"
nqtbpydd@google.com,"['B0201', 'B0201', 'A0208', 'A0201', 'A0401']"
elpf1@google.com,"['A0101', 'B0201', 'B0201', 'A0302', 'A0302']"
hyibg4925@google.com,"['A0201', 'A0202', 'A0206', 'A0302', 'A0302']"
ugchqb75@google.com,"['A0207', 'B0201', 'A0208', 'A0101', 'A0201']"
xscwga@google.com,"['A0206', 'A0502', 'B0201', 'A0202', 'A0208']"
dkfjg@google.com,"['A0207', 'A0202', 'A0502', 'A0206', 'A0207']"
uhtook67@google.com,"['A0206', 'A0203', 'A0203', 'A0101', 'A0207']"
mjbbxyu96@google.com,"['A0206', 'A0202', 'A0202', 'A0208', 'A0502']"
jkpyyua305@google.com,"['A0206', 'A0207', 'B0201', 'A0502', 'A0208']"
rogamtdz675@google.com,"['A0302', 'A0302', 'A0207', 'B0201', 'A0207']"
rijq6411@google.com,"['A0206', 'A0101', 'B0201', 'A0208', 'A0101']"
nemibepf8@google.com,"['A0502', 'A0401', 'A0502', 'A0203', 'B0201']"
tjzyjf9@google.com,"['A0203', 'A0201', 'A0203', 'A0206', 'A0202']"
nilwnel907@google.com,"['A0206', 'A0203', 'B0201', 'A0502', 'B0201']"
tjcyiqma8@google.com,"['A0208', 'A0101', 'A0401', 'A0502', 'A0203']"
geyav@google.com,"['B0201', 'A0101', 'A0201', 'B0201', 'A0202']"
xftsni4302@google.com,"['A0101', 'A0201', 'A0208', 'A0101', 'A0203']"
zzatlsc@google.com,"['A0202', 'A0401', 'A0203', 'A0208', 'A0201']"
spjdwq1880@google.com,"['A0101', 'B0201', 'A0302', 'A0206', 'A0203']"
gzjzxoj@google.com,"['A0207', 'A0206', 'A0208', 'A0201', 'A0206']"
oampb0002@google.com,"['A0202', 'A0302', 'A0202', 'A0203', 'B0201']"
hvyrrhge@google.com,"['B0201', 'A0207', 'A0201', 'A0201', 'A0302']"
foowm6@google.com,"['A0201', 'A0401', 'A0502', 'B0201', 'A0207']"
nxkrhco61@google.com,"['A0201', 'A0202', 'A0302', 'B0201', 'A0206']"
mnmhqw908@google.com,"['A0206', 'A0302', 'B0201', 'A0502', 'A0203']"
ytkbmivd5317@google.com,"['A0206', 'A0202', 'A0208', 'A0302', 'A0302']"
jpti49@google.com,"['A0207', 'A0202', 'A0207', 'A0401', 'A0207']"
wsuhtd716@google.com,"['A0208', 'A0302', 'A0401', 'A0502', 'A0401']"
wmgafazg3@google.com,"['A0208', 'A0206', 'A0207', 'A0206', 'A0401']"
mzbzhj083@google.com,"['A0302', 'A0208', 'A0207', 'A0202', 'A0502']"
iaicdqo7@google.com,"['A0207', 'A0208', 'A0101', 'A0302', 'A0207']"
aqwlcq19@google.com,"['A0203', 'A0206', 'A0208', 'A0201', 'A0206']"
pjolqs74@google.com,"['A0202', 'A0201', 'A0202', 'A0208', 'A0401']"
adcc3677@google.com,"['A0401', 'A0208', 'A0502', 'A0206', 'A0302']"
tebkz6@google.com,"['A0208', 'A0203', 'B0201', 'A0302', 'B0201']"
nrhgdwn2@google.com,"['A0101', 'A0206', 'A0302', 'A0201', 'A0101']"
gpaovhl1359@google.com,"['A0207', 'A0201', 'A0208', 'A0208', 'B0201']"
mcufqnp@google.com,"['A0208', 'A0302', 'A0206', 'A0101', 'A0207']"
qngtole0@google.com,"['A0203', 'A0401', 'A0203', 'A0502', 'A0302']"
lqae2296@google.com,"['A0206', 'A0202', 'A0208', 'B0201', 'A0302']"
nkmu8@google.com,"['A0203', 'A0208', 'A0302', 'A0502', 'A0207']"
yrhpgdbu1236@google.com,"['A0203', 'A0202', 'B0201', 'A0208', 'A0202']"
uprqutpo8@google.com,"['A0302', 'A0201', 'A0201', 'A0401', 'A0201']"
ekapg17@google.com,"['A0401', 'A0502', 'A0101', 'A0302', 'A0202']"
txwowdm94@google.com,"['A0101', 'A0101', 'A0202', 'A0401', 'A0302']"
shsphfx26@google.com,"['A0206', 'A0302', 'B0201', 'A0208', 'A0207']"
imeh939@google.com,"['A0202', 'A0203', 'A0502', 'A0203', 'A0502']"
znso11@google.com,"['A0206', 'A0206', 'A0206', 'A0206', 'A0302']"
tbyw33@google.com,"['A0207', 'A0207', 'A0207', 'A0502', 'A0401']"
zqwdjuxu@google.com,"['B0201', 'A0101', 'A0208', 'A0207', 'A0502']"
wnbgjepm906@google.com,"['A0201', 'A0502', 'A0101', 'A0401', 'A0101']"
nhhi1@google.com,"['A0502', 'A0401', 'A0101', 'A0101', 'B0201']"
rtggsna257@google.com,"['A0201', 'A0202', 'A0203', 'A0207', 'A0302']"
xnlcj144@google.com,"['A0206', 'A0302', 'A0206', 'A0101', 'A0208']"
jrchq@google.com,"['A0401', 'A0502', 'B0201', 'A0203', 'A0401']"
zemncr172@google.com,"['A0101', 'A0206', 'A0208', 'A0208', 'A0502']"
eopgw211@google.com,"['A0502', 'A0202', 'B0201', 'A0201', 'A0206']"
ccsy6919@google.com,"['A0502', 'A0207', 'A0101', 'B0201', 'B0201']"
gttnr5130@google.com,"['A0302', 'A0101', 'A0201', 'A0208', 'B0201']"
gvkbkxd4@google.com,"['A0203', 'B0201', 'A0203', 'A0206', 'A0207']"
yljj900@google.com,"['A0101', 'B0201', 'A0202', 'A0201', 'A0101']"
xlny550@google.com,"['A0502', 'A0208', 'A0101', 'A0401', 'A0502']"
ricostxs35@google.com,"['A0203', 'A0502', 'A0101', 'A0401', 'A0202']"
sbzm0130@google.com,"['B0201', 'A0202', 'A0202', 'A0201', 'A0206']"
rqkz6@google.com,"['A0202', 'A0201', 'A0201', 'A0202', 'A0203']"
qvtjuc04@google.com,"['A0502', 'B0201', 'B0201', 'A0208', 'A0202']"
euywlw3@google.com,"['A0202', 'A0207', 'A0203', 'A0206', 'A0203']"
kcigdfqw46@google.com,"['A0101', 'A0502', 'A0401', 'A0207', 'A0206']"
hmcutm488@google.com,"['A0201', 'A0206', 'A0202', 'A0101', 'A0201']"
ygmgrz03@google.com,"['A0201', 'A0401', 'A0302', 'A0502', 'A0208']"
vehixmhy480@google.com,"['A0401', 'A0202', 'A0208', 'A0502', 'B0201']"
ssotj@google.com,"['A0502', 'A0206', 'A0401', 'B0201', 'A0207']"
vzwqan6035@google.com,"['A0202', 'A0206', 'A0203', 'A0201', 'B0201']"
qrqlt03@google.com,"['A0502', 'A0206', 'A0502', 'A0207', 'A0207']"
ktulyl196@google.com,"['A0302', 'A0203', 'A0208', 'A0502', 'A0203']"
ratyrt693@google.com,"['A0207', 'A0502', 'A0206', 'A0201', 'A0502']"
ocobt1758@google.com,"['A0201', 'A0208', 'A0201', 'A0208', 'A0202']"
zelhfwkx7@google.com,"['A0302', 'A0302', 'A0208', 'A0202', 'A0401']"
jjmgrgt132@google.com,"['A0302', 'A0203', 'A0203', 'B0201', 'A0302']"
cpbmb9249@google.com,"['A0502', 'B0201', 'A0208', 'B0201', 'A0203']"
bmyrtm06@google.com,"['A0101', 'A0206', 'A0101', 'A0203', 'A0201']"
fbryjau5017@google.com,"['A0502', 'A0302', 'A0101', 'A0502', 'A0401']"
vqqwdiq450@google.com,"['A0401', 'A0302', 'A0401', 'A0201', 'A0202']"
gcfasg12@google.com,"['A0101', 'A0401', 'B0201', 'A0203', 'A0202']"
jwrxe9796@google.com,"['A0208', 'A0207', 'A0203', 'A0302', 'A0207']"
ccbr8@google.com,"['A0401', 'B0201', 'B0201', 'B0201', 'A0101']"
vwsoxdkx49@google.com,"['A0302', 'A0208', 'A0502', 'A0502', 'A0302']"
nhbbmidc61@google.com,"['A0101', 'A0203', 'A0202', 'A0202', 'A0202']"
gvygc8@google.com,"['A0203', 'A0101', 'A0502', 'A0101', 'B0201']"
ucpfnue3@google.com,"['A0502', 'A0206', 'A0302', 'A0202', 'A0203']"
sruk693@google.com,"['A0401', 'A0101', 'A0401', 'A0208', 'A0203']"
wtvvdo1923@google.com,"['A0206', 'A0401', 'A0202', 'A0201', 'A0101']"
hlrszds@google.com,"['A0202', 'A0206', 'A0206', 'A0502', 'A0208']"
kopomw6925@google.com,"['A0203', 'A0208', 'A0201', 'A0302', 'A0401']"
yirorc7@google.com,"['A0203', 'A0201', 'A0302', 'A0101', 'A0206']"
qybek3@google.com,"['A0206', 'A0401', 'A0207', 'B0201', 'A0208']"
wrkyc814@google.com,"['A0207', 'A0203', 'A0101', 'A0207', 'A0202']"
ykfn@google.com,"['A0401', 'A0401', 'B0201', 'A0202', 'A0401']"
prnijh1567@google.com,"['A0206', 'A0201', 'A0101', 'B0201', 'B0201']"
yfkcs887@google.com,"['A0502', 'A0208', 'A0202', 'B0201', 'A0401']"
eylr9@google.com,"['A0207', 'A0202', 'A0206', 'A0206', 'A0502']"
vixnt@google.com,"['A0203', 'A0206', 'A0203', 'A0203', 'A0302']"
ojetetju14@google.com,"['A0202', 'A0208', 'A0302', 'A0206', 'B0201']"
hyawtfac1@google.com,"['A0208', 'A0206', 'A0201', 'A0208', 'A0502']"
sqohwjf5487@google.com,"['A0201', 'A0502', 'A0401', 'A0202', 'A0203']"
yyxezc5162@google.com,"['A0208', 'A0208', 'B0201', 'A0203', 'B0201']"
fmtc6@google.com,"['A0206', 'A0208', 'A0201', 'A0203', 'A0201']"
buyqfxi@google.com,"['A0206', 'A0208', 'B0201', 'A0208', 'A0207']"
stxmceen25@google.com,"['A0302', 'B0201', 'A0203', 'A0302', 'A0302']"
ebklkont642@google.com,"['A0208', 'A0203', 'A0203', 'A0203', 'A0202']"
wuqhy@google.com,"['A0203', 'A0502', 'A0201', 'A0201', 'A0207']"
drvoq27@google.com,"['A0101', 'A0207', 'B0201', 'A0201', 'A0202']"
zwckzq84@google.com,"['A0203', 'A0302', 'A0302', 'A0401', 'A0502']"
nochnelk@google.com,"['A0401', 'A0203', 'A0401', 'A0203', 'A0401']"
jldhywo118@google.com,"['A0502', 'A0401', 'A0101', 'A0101', 'A0201']"
hzczdod8@google.com,"['A0401', 'A0401', 'A0502', 'A0203', 'A0202']"
wetgxo703@google.com,"['A0201', 'A0302', 'A0202', 'A0207', 'A0208']"
oprdzbhc360@google.com,"['A0203', 'A0302', 'A0502', 'A0101', 'A0401']"
wtpyqqa0619@google.com,"['A0208', 'A0206', 'A0202', 'A0203', 'A0401']"
isppfvm570@google.com,"['A0206', 'A0201', 'A0208', 'B0201', 'A0206']"
malo7736@google.com,"['A0206', 'A0207', 'A0206', 'A0101', 'A0401']"
nwlnni95@google.com,"['A0201', 'A0101', 'A0206', 'A0203', 'A0401']"
veqxg362@google.com,"['A0207', 'A0201', 'A0207', 'A0207', 'B0201']"
souwdeab5@google.com,"['A0302', 'A0201', 'A0206', 'A0202', 'A0206']"
apresgg5809@google.com,"['A0208', 'A0203', 'A0208', 'A0207', 'A0207']"
owll1@google.com,"['A0203', 'A0302', 'A0202', 'A0203', 'A0203']"
kwmipur205@google.com,"['B0201', 'A0207', 'A0208', 'A0203', 'B0201']"
uxvfbj9@google.com,"['A0302', 'A0201', 'A0202', 'A0401', 'A0202']"
cwhhgmi918@google.com,"['A0203', 'A0207', 'A0208', 'A0202', 'A0401']"
wkfeihc@google.com,"['A0101', 'A0207', 'A0502', 'A0101', 'A0207']"
ieukrxox56@google.com,"['A0207', 'A0401', 'A0302', 'A0207', 'B0201']"
tjivx542@google.com,"['A0208', 'A0207', 'A0202', 'A0208', 'A0202']"
zfwh730@google.com,"['A0202', 'A0302', 'A0202', 'A0101', 'A0206']"
dtmwegq1@google.com,"['A0207', 'A0202', 'A0401', 'A0201', 'A0101']"
gxbur8@google.com,"['A0201', 'A0401', 'A0101', 'A0502', 'A0203']"
nyfflwet@google.com,"['A0206', 'A0202', 'A0401', 'A0206', 'B0201']"
iqzv05@google.com,"['A0206', 'A0101', 'A0502', 'A0207', 'A0302']"
pjil@google.com,"['B0201', 'A0203', 'A0502', 'A0302', 'A0203']"
stpyk2@google.com,"['A0207', 'B0201', 'A0208', 'A0302', 'A0302']"
jvmituod28@google.com,"['A0502', 'A0101', 'A0202', 'A0208', 'A0207']"
rpxmsfj1784@google.com,"['B0201', 'A0202', 'A0201', 'A0502', 'A0201']"
kuxwzk92@google.com,"['A0302', 'A0206', 'A0101', 'A0202', 'A0401']"
drwm6@google.com,"['A0203', 'A0401', 'A0502', 'A0202', 'A0206']"
jmtzvlgv5@google.com,"['A0206', 'B0201', 'A0202', 'A0202', 'B0201']"
jdxf893@google.com,"['A0202', 'A0206', 'A0203', 'A0101', 'A0302']"
hasygn@google.com,"['B0201', 'A0101', 'A0502', 'A0302', 'A0208']"
rzbtthzi463@google.com,"['A0203', 'B0201', 'A0502', 'A0101', 'A0302']"
bpoitx6371@google.com,"['B0201', 'A0302', 'B0201', 'A0208', 'A0101']"
vaeyaalf9@google.com,"['B0201', 'A0401', 'B0201', 'A0201', 'A0203']"
kmhpmu6@google.com,"['A0202', 'A0502', 'A0208', 'A0401', 'A0401']"
qlvoqepi97@google.com,"['A0202', 'A0207', 'A0206', 'A0502', 'A0206']"
aquyxyck90@google.com,"['A0203', 'A0202', 'A0208', 'A0206', 'A0302']"
rwgnht65@google.com,"['A0401', 'A0302', 'A0201', 'A0206', 'A0401']"
lhjmszf@google.com,"['A0201', 'A0302', 'A0201', 'B0201', 'A0101']"
cuje8@google.com,"['A0207', 'B0201', 'A0202', 'A0502', 'A0202']"
ohqkxvzo94@google.com,"['A0208', 'A0206', 'A0206', 'A0101', 'A0101']"
zgsfnivh8452@google.com,"['A0207', 'A0201', 'A0202', 'A0206', 'A0401']"
vahf62@google.com,"['A0208', 'A0101', 'A0101', 'A0302', 'A0206']"
iljaeha9@google.com,"['A0502', 'A0203', 'A0201', 'A0401', 'A0207']"
gduxolto0990@google.com,"['A0401', 'A0401', 'A0202', 'A0101', 'A0208']"
kbpno69@google.com,"['A0203', 'A0502', 'A0207', 'A0208', 'A0208']"
omrhxlfy66@google.com,"['A0207', 'A0302', 'A0203', 'A0206', 'A0207']"
cptal3@google.com,"['A0401', 'A0206', 'A0207', 'A0202', 'A0203']"
zlpnpd904@google.com,"['A0206', 'A0502', 'A0101', 'A0302', 'A0201']"
ijmksm04@google.com,"['A0401', 'A0502', 'A0101', 'A0206', 'A0207']"
llkgljo@google.com,"['A0207', 'A0101', 'A0101', 'A0201', 'A0206']"
iohwfryh53@google.com,"['A0302', 'A0208', 'A0502', 'A0502', 'A0208']"
iplgfy6@google.com,"['A0302', 'A0208', 'A0101', 'B0201', 'A0206']"
qbmzg@google.com,"['A0206', 'B0201', 'A0302', 'A0101', 'A0401']"
zhdc08@google.com,"['A0207', 'A0401', 'A0502', 'A0502', 'A0208']"
seuteia95@google.com,"['A0203', 'A0207', 'A0206', 'A0206', 'A0302']"
gvcihs0@google.com,"['A0207', 'A0207', 'A0401', 'A0208', 'A0202']"
lapucs8377@google.com,"['A0202', 'A0208', 'A0202', 'A0206', 'A0208']"
ibrw6@google.com,"['A0202', 'A0101', 'A0207', 'A0201', 'A0208']"
ynazcia36@google.com,"['A0101', 'A0206', 'A0502', 'A0201', 'A0207']"
olcrr50@google.com,"['A0206', 'A0401', 'A0203', 'A0101', 'A0202']"
ctthc@google.com,"['B0201', 'A0401', 'A0202', 'A0202', 'A0302']"
wmquzm9907@google.com,"['A0207', 'A0206', 'A0302', 'A0202', 'A0302']"
odbh5@google.com,"['B0201', 'A0401', 'A0207', 'A0502', 'A0401']"
aywhjoob44@google.com,"['A0208', 'A0207', 'A0207', 'A0206', 'A0302']"
xsldi7786@google.com,"['A0302', 'A0202', 'A0202', 'A0502', 'B0201']"
xatyznm02@google.com,"['A0208', 'A0401', 'A0207', 'B0201', 'A0203']"
efkku7@google.com,"['A0206', 'A0302', 'A0502', 'A0207', 'A0208']"
damqwgda3104@google.com,"['A0502', 'A0203', 'A0207', 'A0208', 'A0201']"
aqjyicx247@google.com,"['A0202', 'A0206', 'A0101', 'A0502', 'A0201']"
hertcun15@google.com,"['A0202', 'A0208', 'A0208', 'A0206', 'A0206']"
ujhuu027@google.com,"['A0302', 'A0203', 'A0101', 'A0101', 'A0203']"
sxdnmll8@google.com,"['B0201', 'A0208', 'A0207', 'A0206', 'A0201']"
dhdtxxlq94@google.com,"['A0401', 'B0201', 'A0302', 'A0206', 'A0206']"
ylxywd@google.com,"['A0203', 'A0203', 'B0201', 'B0201', 'A0302']"
aved23@google.com,"['A0502', 'A0302', 'B0201', 'A0401', 'A0201']"
wqtu82@google.com,"['A0101', 'A0203', 'A0201', 'A0202', 'A0302']"
oputac@google.com,"['A0202', 'A0203', 'A0206', 'A0101', 'A0208']"
qglmz@google.com,"['A0203', 'A0206', 'A0208', 'A0202', 'A0206']"
hworcnn426@google.com,"['A0206', 'A0101', 'A0401', 'A0202', 'A0208']"
uutsb@google.com,"['A0202', 'A0206', 'A0208', 'A0101', 'A0302']"
zbpmp063@google.com,"['A0302', 'B0201', 'A0502', 'A0206', 'A0202']"
cnwvlvx8327@google.com,"['A0208', 'B0201', 'A0201', 'A0101', 'A0208']"
ofpmo7898@google.com,"['A0201', 'A0208', 'A0206', 'A0206', 'A0206']"
rchnuolo139@google.com,"['A0206', 'A0203', 'A0206', 'A0201', 'A0203']"
gzdepnn47@google.com,"['A0101', 'A0302', 'A0208', 'A0101', 'A0302']"
ibpfna734@google.com,"['A0202', 'A0206', 'B0201', 'B0201', 'A0502']"
aiqavw@google.com,"['B0201', 'B0201', 'A0502', 'B0201', 'A0203']"
sjqjbv4@google.com,"['A0202', 'A0206', 'A0207', 'A0202', 'A0302']"
zhad@google.com,"['A0202', 'A0202', 'B0201', 'A0208', 'A0206']"
jduryv977@google.com,"['A0208', 'A0302', 'A0203', 'A0202', 'A0206']"
tckw73@google.com,"['A0101', 'A0401', 'A0202', 'A0202', 'A0202']"
ziukig3@google.com,"['A0203', 'A0302', 'A0207', 'A0502', 'A0101']"
shjndnyt4@google.com,"['A0208', 'A0302', 'A0302', 'A0208', 'A0401']"
wtbp656@google.com,"['A0207', 'A0208', 'A0302', 'A0201', 'A0208']"
lgdegkoq@google.com,"['B0201', 'A0101', 'A0206', 'A0206', 'A0101']"
hdkowpi832@google.com,"['A0201', 'A0302', 'A0201', 'A0208', 'A0208']"
njxhgt0@google.com,"['A0401', 'A0208', 'A0203', 'A0302', 'A0206']"
jbift@google.com,"['A0201', 'A0207', 'A0502', 'A0302', 'A0502']"
wgomtv@google.com,"['A0101', 'A0502', 'A0208', 'A0401', 'A0101']"
jhunmxdb@google.com,"['A0201', 'A0208', 'A0302', 'A0203', 'A0101']"
mqmg@google.com,"['A0202', 'A0202', 'A0207', 'A0207', 'A0207']"
ppasun8347@google.com,"['A0401', 'A0302', 'A0401', 'A0502', 'A0208']"
dqwwltyw1@google.com,"['A0207', 'B0201', 'A0502', 'A0401', 'A0203']"
cjpf@google.com,"['A0203', 'A0203', 'A0202', 'A0101', 'A0401']"
taguhvl5@google.com,"['A0202', 'A0202', 'A0208', 'A0401', 'A0206']"
opkdx325@google.com,"['A0207', 'A0502', 'B0201', 'A0207', 'A0201']"
zewpa4@google.com,"['A0502', 'A0206', 'A0208', 'A0201', 'A0201']"
rzulcgfs3064@google.com,"['A0203', 'A0208', 'A0101', 'A0101', 'A0201']"
msdfrqgb6116@google.com,"['A0202', 'A0203', 'A0208', 'A0203', 'B0201']"
rhffwx321@google.com,"['A0202', 'A0101', 'A0202', 'A0207', 'A0302']"
caty600@google.com,"['A0202', 'A0208', 'A0401', 'A0208', 'A0202']"
stre82@google.com,"['A0203', 'A0202', 'A0202', 'A0101', 'A0302']"
ggkxvz@google.com,"['A0203', 'A0207', 'A0208', 'A0101', 'A0401']"
luhh@google.com,"['A0502', 'A0207', 'A0401', 'A0207', 'A0302']"
poqkivyd344@google.com,"['A0203', 'A0208', 'A0101', 'A0101', 'A0201']"
nftbjo793@google.com,"['A0202', 'A0401', 'A0201', 'A0401', 'A0401']"
guhasmc9@google.com,"['A0401', 'A0203', 'A0101', 'B0201', 'A0502']"
qtyfvjhb252@google.com,"['A0208', 'A0207', 'A0101', 'A0203', 'A0203']"
bzfa@google.com,"['A0207', 'A0401', 'B0201', 'A0101', 'A0208']"
kdtrqfjk6729@google.com,"['A0206', 'A0502', 'A0302', 'A0202', 'A0101']"
wpyc9611@google.com,"['A0101', 'B0201', 'A0206', 'A0208', 'A0202']"
stvor@google.com,"['A0203', 'B0201', 'A0101', 'A0201', 'A0207']"
mlqz862@google.com,"['A0302', 'A0201', 'A0207', 'A0101', 'A0101']"
qnnjquh6050@google.com,"['A0302', 'A0101', 'A0502', 'A0401', 'A0101']"
mymelu7707@google.com,"['A0401', 'A0206', 'A0207', 'A0201', 'A0206']"
cvwrdxsb7359@google.com,"['A0206', 'A0201', 'A0202', 'B0201', 'A0206']"
wdenot87@google.com,"['A0208', 'A0203', 'A0302', 'A0101', 'B0201']"
denucj8@google.com,"['A0203', 'A0206', 'A0202', 'A0206', 'A0401']"
nvptd605@google.com,"['A0302', 'A0302', 'A0502', 'A0207', 'A0207']"
cdssift581@google.com,"['B0201', 'A0101', 'A0203', 'A0208', 'A0203']"
asncolh8496@google.com,"['A0206', 'A0502', 'A0302', 'A0207', 'B0201']"
wstt@google.com,"['A0203', 'A0206', 'A0502', 'B0201', 'A0201']"
yxeo906@google.com,"['A0201', 'A0201', 'A0401', 'A0208', 'A0206']"
kffvdt8664@google.com,"['A0207', 'A0302', 'A0202', 'A0203', 'A0208']"
oewvuq29@google.com,"['A0201', 'A0207', 'A0207', 'A0302', 'A0203']"
meoow1@google.com,"['A0208', 'B0201', 'B0201', 'A0101', 'A0502']"
lbox@google.com,"['A0302', 'A0101', 'A0206', 'A0207', 'A0202']"
fyvlncum3@google.com,"['A0302', 'B0201', 'A0203', 'A0203', 'A0302']"
enbxjcdt4@google.com,"['A0302', 'B0201', 'A0201', 'B0201', 'A0201']"
wulhegy@google.com,"['A0302', 'A0101', 'A0208', 'B0201', 'B0201']"
dybkwj495@google.com,"['A0302', 'A0202', 'A0202', 'A0302', 'A0202']"
exssqp7@google.com,"['A0203', 'A0203', 'B0201', 'A0202', 'A0202']"
cvkabxg@google.com,"['A0302', 'A0206', 'A0502', 'A0302', 'B0201']"
sfrsj@google.com,"['A0401', 'A0206', 'A0207', 'A0206', 'A0207']"
qqvxlo2@google.com,"['A0208', 'A0201', 'A0202', 'B0201', 'A0207']"
tebrbfpe@google.com,"['A0202', 'A0202', 'A0401', 'A0206', 'A0207']"
bsoruqdl2605@google.com,"['A0202', 'A0203', 'A0302', 'A0401', 'A0207']"
zdkf@google.com,"['A0203', 'A0502', 'A0208', 'A0302', 'B0201']"
dpcj992@google.com,"['A0202', 'A0201', 'A0101', 'B0201', 'A0202']"
imzuuk48@google.com,"['A0201', 'A0206', 'A0207', 'A0203', 'B0201']"
hrxz@google.com,"['A0101', 'A0207', 'A0206', 'A0401', 'A0302']"
kwris82@google.com,"['A0206', 'A0208', 'A0502', 'B0201', 'A0202']"
dripcizt7070@google.com,"['A0206', 'A0101', 'A0401', 'A0302', 'A0202']"
lpwybbs@google.com,"['A0208', 'A0502', 'A0203', 'A0203', 'A0401']"
dyozxy2@google.com,"['A0202', 'A0201', 'A0202', 'A0206', 'A0302']"
vmhgzbn2703@google.com,"['A0207', 'A0202', 'A0207', 'A0502', 'A0201']"
aabkmf32@google.com,"['A0401', 'B0201', 'A0206', 'A0101', 'A0101']"
yazuodnn@google.com,"['A0302', 'A0208', 'A0208', 'A0502', 'A0206']"
uknpjikj3@google.com,"['A0201', 'A0101', 'A0208', 'A0202', 'A0302']"
kuvbj496@google.com,"['A0207', 'A0401', 'A0203', 'A0208', 'A0202']"
brcmkq@google.com,"['A0401', 'A0207', 'A0201', 'A0202', 'B0201']"
ekhlu@google.com,"['A0203', 'A0401', 'A0502', 'A0206', 'A0401']"
fhzd206@google.com,"['A0201', 'A0203', 'A0502', 'A0207', 'A0302']"
iehf622@google.com,"['A0207', 'A0207', 'A0208', 'A0401', 'A0101']"
zhymkcvp@google.com,"['B0201', 'A0201', 'A0208', 'B0201', 'A0101']"
ikvlhuqp5@google.com,"['B0201', 'A0202', 'A0208', 'A0101', 'A0207']"
rlhtxi@google.com,"['A0401', 'A0202', 'A0202', 'A0502', 'A0101']"
atqck8624@google.com,"['B0201', 'B0201', 'A0201', 'A0208', 'A0202']"
dyzxaspk04@google.com,"['A0302', 'A0202', 'A0206', 'A0206', 'A0208']"
ujyo2@google.com,"['A0201', 'A0502', 'A0302', 'A0208', 'A0101']"
ywaduqfx1@google.com,"['A0202', 'A0206', 'A0502', 'A0401', 'A0401']"
mscyekhd9377@google.com,"['A0207', 'A0208', 'A0201', 'A0207', 'A0206']"
khsyip95@google.com,"['B0201', 'A0202', 'A0302', 'A0202', 'A0101']"
ailhsppc4@google.com,"['A0207', 'B0201', 'A0206', 'A0401', 'A0401']"
ukvdbof5949@google.com,"['A0208', 'A0207', 'B0201', 'A0502', 'A0202']"
ueyzjtom59@google.com,"['A0202', 'A0101', 'A0101', 'A0207', 'A0201']"
eqxagr@google.com,"['A0207', 'A0207', 'A0101', 'B0201', 'A0206']"
nbuatmul@google.com,"['B0201', 'A0101', 'A0207', 'A0201', 'A0302']"
ldgpphf2189@google.com,"['A0401', 'A0302', 'A0203', 'A0208', 'B0201']"
alzifz3@google.com,"['A0208', 'A0208', 'A0201', 'B0201', 'A0502']"
kwaw5668@google.com,"['A0207', 'A0401', 'A0207', 'B0201', 'A0208']"
wygm030@google.com,"['A0208', 'A0207', 'A0202', 'A0302', 'A0206']"
zohn782@google.com,"['A0203', 'A0201', 'A0208', 'A0502', 'A0203']"
qcwij09@google.com,"['A0207', 'A0401', 'A0302', 'A0502', 'A0203']"
oodobtic46@google.com,"['A0401', 'B0201', 'A0207', 'A0101', 'A0203']"
rlkwbuh1@google.com,"['A0101', 'A0502', 'A0206', 'A0502', 'A0203']"
adhbx60@google.com,"['A0206', 'A0302', 'A0202', 'A0302', 'A0206']"
layvo5@google.com,"['A0207', 'A0203', 'A0302', 'A0302', 'A0207']"
ocpspd047@google.com,"['A0201', 'A0207', 'A0207', 'A0203', 'B0201']"
twkqvy@google.com,"['A0201', 'B0201', 'A0401', 'A0202', 'A0401']"
txqs7@google.com,"['A0202', 'A0208', 'A0502', 'A0202', 'A0201']"
jyhp2285@google.com,"['A0207', 'A0201', 'A0502', 'A0206', 'A0206']"
cctep5@google.com,"['A0502', 'A0203', 'A0206', 'A0201', 'A0206']"
ebum33@google.com,"['A0401', 'A0208', 'A0201', 'A0206', 'A0206']"
adqmhvwf565@google.com,"['A0206', 'A0401', 'A0302', 'A0206', 'A0208']"
flxpc668@google.com,"['A0101', 'A0207', 'A0502', 'A0502', 'B0201']"
rgmkgv3481@google.com,"['B0201', 'A0302', 'A0207', 'A0401', 'B0201']"
vcwtiewf39@google.com,"['A0201', 'A0401', 'A0203', 'B0201', 'A0206']"
ciev@google.com,"['A0207', 'A0202', 'A0206', 'B0201', 'A0207']"
yajuve0@google.com,"['A0206', 'A0502', 'A0202', 'A0202', 'A0502']"
jnrlfkgs596@google.com,"['A0401', 'A0202', 'A0101', 'A0101', 'A0208']"
lchpc64@google.com,"['A0208', 'A0401', 'A0201', 'A0202', 'B0201']"
wivlmaed81@google.com,"['A0101', 'A0206', 'A0203', 'A0203', 'A0207']"
mvkvl631@google.com,"['B0201', 'A0201', 'A0203', 'A0203', 'B0201']"
zgwlk7305@google.com,"['A0502', 'A0502', 'A0401', 'A0208', 'A0208']"
fdbpwfcq6672@google.com,"['A0207', 'A0203', 'A0202', 'A0207', 'A0401']"
zlxrbbw@google.com,"['A0101', 'A0302', 'A0208', 'A0207', 'A0502']"
gpdfxu504@google.com,"['A0203', 'A0207', 'A0206', 'A0207', 'A0206']"
fhnbqwzh94@google.com,"['A0201', 'A0202', 'A0101', 'A0502', 'A0203']"
jqim6725@google.com,"['A0207', 'A0208', 'A0502', 'A0401', 'A0203']"
ghyuoly48@google.com,"['A0201', 'A0202', 'A0202', 'A0202', 'A0201']"
gtvfhzz28@google.com,"['A0203', 'A0401', 'A0202', 'A0101', 'A0207']"
kzofu@google.com,"['A0401', 'A0207', 'A0302', 'A0207', 'A0302']"
ggqm964@google.com,"['A0201', 'A0101', 'A0101', 'B0201', 'A0201']"
ocdgmo665@google.com,"['A0302', 'A0401', 'A0207', 'A0203', 'A0302']"
wkqwjfd438@google.com,"['A0206', 'A0302', 'A0203', 'A0202', 'A0401']"
lukuz075@google.com,"['A0207', 'B0201', 'A0201', 'A0401', 'A0208']"
dwpvg94@google.com,"['A0203', 'B0201', 'A0202', 'A0302', 'A0203']"
ojczdz@google.com,"['A0203', 'A0101', 'A0401', 'A0203', 'A0203']"
vabbr5371@google.com,"['A0207', 'A0401', 'A0502', 'A0302', 'A0201']"
mhxkua40@google.com,"['A0201', 'B0201', 'A0202', 'A0302', 'A0206']"
gtltuemw48@google.com,"['A0101', 'B0201', 'A0302', 'A0101', 'A0207']"
ljfzs@google.com,"['A0203', 'A0203', 'A0502', 'A0207', 'A0207']"
pyjptdr1@google.com,"['A0202', 'A0206', 'A0202', 'A0101', 'A0208']"
obfw@google.com,"['A0401', 'A0203', 'A0208', 'A0201', 'A0206']"
atta807@google.com,"['A0302', 'A0206', 'A0203', 'A0208', 'A0101']"
uqchouu@google.com,"['B0201', 'A0207', 'A0302', 'A0207', 'A0502']"
tctwtz9625@google.com,"['A0208', 'A0206', 'A0401', 'A0401', 'A0401']"
whloy72@google.com,"['A0203', 'A0201', 'A0302', 'A0206', 'A0201']"
nmkb75@google.com,"['A0207', 'A0206', 'A0401', 'A0201', 'A0201']"
nrbcyxf3616@google.com,"['A0202', 'A0502', 'B0201', 'A0101', 'A0208']"
hbwebykb@google.com,"['A0203', 'A0302', 'A0203', 'A0302', 'B0201']"
gehf8@google.com,"['A0202', 'A0202', 'A0302', 'A0201', 'A0302']"
qbkxkndi0@google.com,"['A0201', 'A0401', 'A0502', 'A0502', 'A0206']"
rrgha3@google.com,"['A0302', 'A0502', 'B0201', 'A0302', 'A0502']"
ohlhbz2257@google.com,"['A0101', 'A0202', 'A0302', 'A0206', 'A0502']"
pzzohwje89@google.com,"['A0203', 'A0201', 'A0206', 'A0201', 'B0201']"
ualgj23@google.com,"['A0206', 'A0101', 'A0206', 'A0208', 'A0207']"
zrptkkd9259@google.com,"['A0101', 'A0203', 'A0502', 'A0207', 'A0201']"
pyzjz@google.com,"['A0201', 'A0206', 'A0206', 'A0202', 'A0207']"
olfkcd8530@google.com,"['A0206', 'A0207', 'A0208', 'B0201', 'A0401']"
rmza538@google.com,"['A0207', 'A0401', 'A0401', 'B0201', 'A0202']"
wszx@google.com,"['A0201', 'A0502', 'A0302', 'A0401', 'A0302']"
xogwqsv56@google.com,"['A0203', 'A0502', 'A0207', 'A0502', 'A0207']"
vabbbjr4@google.com,"['A0206', 'A0208', 'A0401', 'A0401', 'A0203']"
bnnboh79@google.com,"['A0401', 'A0207', 'A0101', 'A0502', 'A0208']"
wkiyhel@google.com,"['A0208', 'A0208', 'A0203', 'A0502', 'A0202']"
gesaqgc7@google.com,"['A0302', 'A0208', 'A0206', 'A0502', 'A0201']"
xnee82@google.com,"['B0201', 'A0302', 'A0202', 'A0302', 'A0101']"
hnag@google.com,"['A0401', 'A0206', 'A0208', 'A0202', 'A0101']"
hcih1@google.com,"['A0203', 'A0502', 'A0202', 'A0208', 'A0201']"
khdxpkmi647@google.com,"['B0201', 'A0201', 'A0302', 'A0202', 'A0302']"
qrkctmrn@google.com,"['A0208', 'B0201', 'A0401', 'A0203', 'A0302']"
ngbhdykh@google.com,"['A0302', 'A0202', 'B0201', 'A0202', 'A0502']"
ggelmlwl5@google.com,"['A0206', 'A0202', 'A0206', 'A0207', 'A0502']"
uzezmo74@google.com,"['A0208', 'A0101', 'A0502', 'A0401', 'A0206']"
lddhtpo@google.com,"['A0401', 'A0208', 'B0201', 'A0202', 'B0201']"
ukeqja27@google.com,"['A0208', 'A0207', 'A0207', 'A0203', 'A0302']"
xfeelp@google.com,"['A0101', 'A0101', 'A0208', 'A0201', 'A0206']"
tprau173@google.com,"['A0101', 'A0101', 'A0208', 'B0201', 'A0202']"
nouiet373@google.com,"['A0101', 'A0401', 'A0201', 'A0208', 'A0206']"
ahxhdl@google.com,"['A0202', 'A0202', 'A0202', 'A0101', 'A0101']"
auobgog19@google.com,"['A0502', 'A0502', 'A0206', 'A0101', 'A0101']"
wupte80@google.com,"['B0201', 'A0201', 'A0201', 'A0201', 'A0201']"
sxqn@google.com,"['A0206', 'A0207', 'A0203', 'A0201', 'A0208']"
mrpyq8955@google.com,"['A0201', 'A0203', 'A0207', 'A0208', 'A0201']"
zwlg8@google.com,"['A0208', 'A0202', 'A0207', 'A0208', 'A0202']"
qimm@google.com,"['A0203', 'A0502', 'A0201', 'A0203', 'B0201']"
ziycj6495@google.com,"['A0202', 'A0101', 'A0101', 'A0502', 'A0302']"
bfrgrdqu600@google.com,"['A0207', 'A0208', 'A0206', 'A0201', 'A0302']"
busoc078@google.com,"['A0101', 'A0401', 'A0101', 'A0207', 'A0502']"
kywnbqi5@google.com,"['A0207', 'A0201', 'A0202', 'A0302', 'A0201']"
tyvnzbxf8954@google.com,"['A0401', 'A0401', 'A0201', 'A0203', 'B0201']"
ropyfhkf329@google.com,"['A0201', 'A0203', 'A0208', 'A0208', 'A0207']"
stmhxvw9364@google.com,"['A0207', 'A0502', 'A0201', 'A0502', 'A0207']"
uguz98@google.com,"['A0502', 'A0502', 'A0206', 'A0201', 'A0502']"
aiffq@google.com,"['A0208', 'A0202', 'A0206', 'A0101', 'A0401']"
szvas1@google.com,"['A0302', 'A0203', 'A0206', 'A0201', 'A0206']"
dtcruq69@google.com,"['A0502', 'A0202', 'A0206', 'A0207', 'A0206']"
cpxj@google.com,"['A0202', 'B0201', 'A0208', 'A0401', 'A0302']"
bidmvgys071@google.com,"['A0203', 'A0201', 'A0206', 'A0401', 'A0502']"
tnjkevj@google.com,"['B0201', 'B0201', 'A0401', 'A0202', 'A0202']"
mmdog564@google.com,"['A0401', 'A0202', 'A0401', 'A0202', 'A0201']"
ayweyd6@google.com,"['A0401', 'A0203', 'A0401', 'A0208', 'A0401']"
zyro090@google.com,"['A0208', 'A0206', 'A0206', 'A0206', 'A0201']"
bseltjg@google.com,"['A0208', 'A0302', 'A0201', 'A0203', 'A0207']"
pxtwxuq1@google.com,"['A0208', 'A0208', 'A0502', 'A0302', 'A0302']"
dgra@google.com,"['B0201', 'A0208', 'A0206', 'A0206', 'A0202']"
uawvvh652@google.com,"['A0203', 'A0207', 'A0206', 'A0208', 'A0502']"
hwgsdtl3@google.com,"['A0206', 'A0101', 'A0502', 'A0401', 'A0302']"
lcjvb42@google.com,"['A0502', 'A0207', 'A0401', 'A0502', 'A0401']"
wfkfaeiu0@google.com,"['A0201', 'A0202', 'A0101', 'A0101', 'A0207']"
hluxim664@google.com,"['A0502', 'A0208', 'A0101', 'B0201', 'A0202']"
qbxgc11@google.com,"['A0202', 'A0202', 'A0401', 'A0502', 'A0502']"
fiobwz24@google.com,"['A0202', 'A0207', 'A0206', 'A0203', 'B0201']"
inpgypa46@google.com,"['A0202', 'A0208', 'A0101', 'B0201', 'A0302']"
hyerjpf7096@google.com,"['A0208', 'A0201', 'A0207', 'A0502', 'A0206']"
serct2@google.com,"['A0302', 'A0302', 'A0302', 'A0302', 'A0101']"
mlnsif@google.com,"['B0201', 'A0101', 'A0401', 'A0202', 'A0302']"
yuqaazs6@google.com,"['A0101', 'B0201', 'A0502', 'A0208', 'A0202']"
pmdx08@google.com,"['A0401', 'A0207', 'A0101', 'A0201', 'B0201']"
sjio13@google.com,"['A0203', 'A0101', 'B0201', 'A0203', 'A0302']"
zrudbl8@google.com,"['A0502', 'A0202', 'A0401', 'A0502', 'A0201']"
ufye15@google.com,"['A0208', 'A0101', 'A0502', 'A0401', 'B0201']"
oijnbn366@google.com,"['A0201', 'A0502', 'A0202', 'A0201', 'A0302']"
bnoquzhb@google.com,"['A0502', 'A0203', 'A0206', 'A0208', 'A0208']"
vxmcysc0610@google.com,"['A0206', 'A0203', 'A0207', 'A0202', 'B0201']"
upawf254@google.com,"['B0201', 'A0502', 'A0101', 'A0502', 'A0208']"
vehcgn284@google.com,"['A0203', 'A0207', 'B0201', 'A0401', 'B0201']"
xdact737@google.com,"['A0208', 'A0401', 'B0201', 'A0202', 'A0208']"
pomk3043@google.com,"['B0201', 'A0208', 'A0101', 'A0502', 'A0207']"
remuaii7@google.com,"['A0208', 'A0208', 'A0502', 'A0302', 'A0201']"
oslwbk1@google.com,"['A0101', 'A0101', 'A0401', 'A0203', 'A0202']"
bvdfqqgb@google.com,"['A0401', 'A0203', 'A0202', 'A0206', 'A0203']"
qwivw@google.com,"['A0101', 'A0401', 'A0401', 'A0502', 'A0206']"
emwgam101@google.com,"['B0201', 'A0502', 'A0202', 'A0201', 'A0203']"
hpsk@google.com,"['A0201', 'A0502', 'A0208', 'A0201', 'A0101']"
lkpdmh110@google.com,"['A0302', 'A0208', 'A0206', 'A0202', 'A0208']"
jmrwao8743@google.com,"['A0101', 'A0207', 'A0201', 'A0302', 'A0502']"
ucthktsr4426@google.com,"['A0502', 'A0401', 'A0207', 'A0202', 'A0201']"
jjxhyd@google.com,"['A0302', 'A0202', 'A0207', 'A0203', 'A0201']"
bykilhg46@google.com,"['A0101', 'A0206', 'A0502', 'A0206', 'A0302']"
nsjllxit9@google.com,"['A0302', 'A0302', 'A0502', 'B0201', 'A0502']"
lsfbaudi2@google.com,"['A0401', 'B0201', 'A0202', 'A0206', 'A0207']"
ifzhl6@google.com,"['B0201', 'A0202', 'A0502', 'A0401', 'B0201']"
skjk269@google.com,"['A0401', 'A0502', 'A0502', 'A0208', 'A0206']"
rtgkmj7@google.com,"['A0401', 'B0201', 'A0401', 'A0201', 'A0201']"
ldmmklle9@google.com,"['A0502', 'A0203', 'A0203', 'A0207', 'A0208']"
iqjwy1160@google.com,"['A0203', 'A0206', 'A0202', 'A0207', 'B0201']"
bckvhujq367@google.com,"['A0302', 'A0101', 'A0502', 'A0502', 'A0302']"
xlfshzo93@google.com,"['A0101', 'A0201', 'B0201', 'A0206', 'A0203']"
bcsdom63@google.com,"['A0302', 'A0401', 'A0207', 'A0302', 'A0401']"
tyfqi@google.com,"['A0101', 'A0101', 'A0201', 'A0206', 'B0201']"
dmatgxg831@google.com,"['A0502', 'A0207', 'A0502', 'A0207', 'A0401']"
ekjdy7522@google.com,"['A0208', 'A0202', 'A0206', 'A0502', 'A0206']"
hipe9@google.com,"['A0201', 'A0201', 'A0502', 'A0502', 'A0502']"
qhoat3568@google.com,"['A0203', 'A0401', 'A0202', 'A0203', 'A0401']"
tffm1005@google.com,"['A0207', 'A0202', 'B0201', 'A0207', 'A0201']"
dwav75@google.com,"['A0208', 'A0401', 'A0401', 'A0201', 'A0302']"
wheyh989@google.com,"['A0206', 'A0502', 'A0201', 'B0201', 'A0202']"
rgnimt2@google.com,"['A0201', 'B0201', 'A0203', 'B0201', 'A0208']"
rrggg4884@google.com,"['A0203', 'A0502', 'B0201', 'A0302', 'A0502']"
gymk2@google.com,"['A0101', 'A0101', 'A0208', 'A0401', 'A0208']"
mwdqw@google.com,"['A0101', 'A0401', 'B0201', 'A0302', 'A0502']"
dszwy3@google.com,"['A0202', 'A0302', 'B0201', 'A0206', 'A0208']"
scgyrrl636@google.com,"['A0401', 'A0302', 'A0201', 'A0208', 'B0201']"
zotxo5168@google.com,"['A0101', 'B0201', 'A0101', 'A0206', 'A0206']"
nusvpv78@google.com,"['A0202', 'A0207', 'A0202', 'A0206', 'A0202']"
vsby6@google.com,"['A0203', 'A0101', 'A0502', 'A0502', 'A0502']"
yjmkrxqj17@google.com,"['A0201', 'A0101', 'A0401', 'A0101', 'A0202']"
axjfnuy384@google.com,"['A0401', 'A0502', 'A0206', 'A0201', 'A0101']"
dyvad287@google.com,"['A0208', 'A0502', 'B0201', 'A0302', 'A0101']"
xlfv@google.com,"['A0203', 'A0202', 'A0202', 'A0101', 'A0202']"
laysx9754@google.com,"['A0208', 'A0207', 'A0207', 'A0502', 'A0203']"
wgvu95@google.com,"['A0401', 'A0101', 'A0207', 'B0201', 'A0202']"
uyjxitud06@google.com,"['A0302', 'A0502', 'A0502', 'A0401', 'A0401']"
lywfatcu1@google.com,"['A0401', 'A0302', 'A0401', 'A0206', 'A0302']"
nortv62@google.com,"['B0201', 'A0101', 'B0201', 'A0502', 'B0201']"
xzqby1453@google.com,"['A0203', 'A0502', 'A0203', 'A0401', 'B0201']"
ghifymc3@google.com,"['A0202', 'A0201', 'A0206', 'A0101', 'A0207']"
qgbspm1482@google.com,"['A0201', 'A0101', 'A0401', 'A0206', 'A0401']"
ggwuf@google.com,"['A0302', 'A0202', 'B0201', 'A0206', 'B0201']"
bdgbxeg023@google.com,"['A0401', 'A0206', 'A0208', 'A0202', 'A0208']"
moxewf279@google.com,"['A0101', 'A0302', 'A0502', 'A0401', 'A0208']"
fsynzon7@google.com,"['A0206', 'B0201', 'A0208', 'A0401', 'A0206']"
ztlkv57@google.com,"['A0401', 'A0201', 'A0502', 'A0401', 'A0401']"
vxla64@google.com,"['A0207', 'A0202', 'A0208', 'A0302', 'A0202']"
hegwtbhr0054@google.com,"['A0202', 'A0206', 'A0208', 'A0203', 'A0206']"
wkutqgiu9@google.com,"['A0203', 'A0206', 'A0302', 'A0401', 'A0201']"
tghwho3687@google.com,"['A0203', 'A0208', 'A0203', 'A0207', 'A0101']"
rbryfp0888@google.com,"['A0401', 'A0203', 'A0502', 'A0502', 'A0202']"
bdiwtghp@google.com,"['A0208', 'A0502', 'A0302', 'A0202', 'A0207']"
gcop6@google.com,"['A0202', 'A0202', 'A0203', 'A0401', 'A0502']"
hiezp81@google.com,"['A0201', 'A0207', 'A0207', 'A0401', 'A0207']"
wvdngsxw6@google.com,"['A0201', 'A0401', 'A0101', 'B0201', 'A0101']"
otnzkazr@google.com,"['B0201', 'A0202', 'A0207', 'A0202', 'A0203']"
fcyrf946@google.com,"['A0401', 'A0207', 'A0208', 'A0208', 'A0502']"
hiey5835@google.com,"['A0202', 'A0302', 'A0101', 'A0401', 'A0201']"
otwgny547@google.com,"['A0101', 'A0302', 'A0502', 'A0202', 'A0202']"
ivkscsd76@google.com,"['A0101', 'A0206', 'A0101', 'A0207', 'A0202']"
bnhmb713@google.com,"['A0401', 'A0202', 'A0502', 'A0206', 'A0206']"
opyyfg271@google.com,"['A0101', 'A0302', 'A0202', 'A0101', 'A0206']"
lbsq0235@google.com,"['A0202', 'A0101', 'A0202', 'A0206', 'B0201']"
xnijqvj8609@google.com,"['A0101', 'A0206', 'A0502', 'B0201', 'A0206']"
vurfxhs4010@google.com,"['A0201', 'A0502', 'A0302', 'A0206', 'A0203']"
wpwya4@google.com,"['A0502', 'A0401', 'A0208', 'A0202', 'B0201']"
elakz97@google.com,"['A0202', 'A0302', 'A0502', 'A0302', 'A0201']"
xsgnnvy0@google.com,"['A0202', 'A0101', 'A0206', 'A0202', 'A0302']"
xcea4054@google.com,"['A0203', 'A0401', 'A0502', 'A0202', 'A0401']"
tspmb29@google.com,"['A0502', 'B0201', 'A0207', 'A0203', 'A0302']"
cqpqjzm0609@google.com,"['A0203', 'A0202', 'A0208', 'A0201', 'A0207']"
mrfn0899@google.com,"['A0202', 'A0401', 'A0401', 'A0202', 'A0201']"
xmsm4479@google.com,"['A0302', 'A0201', 'A0206', 'A0201', 'A0207']"
imypd41@google.com,"['A0207', 'A0201', 'B0201', 'A0206', 'A0203']"
iiqke@google.com,"['A0208', 'A0208', 'A0208', 'A0203', 'A0201']"
jxot1@google.com,"['A0201', 'A0502', 'A0206', 'A0401', 'A0401']"
rcsxexn86@google.com,"['B0201', 'A0202', 'A0203', 'A0208', 'A0207']"
twua02@google.com,"['A0201', 'A0202', 'A0302', 'A0202', 'B0201']"
pqwco053@google.com,"['A0203', 'A0206', 'A0208', 'A0208', 'B0201']"
kxox0772@google.com,"['A0101', 'A0202', 'A0201', 'A0401', 'A0502']"
qjdarzju56@google.com,"['A0207', 'A0302', 'A0206', 'A0401', 'A0302']"
rfwy339@google.com,"['A0206', 'B0201', 'A0101', 'A0502', 'A0203']"
memz9@google.com,"['A0302', 'A0302', 'A0202', 'B0201', 'A0202']"
snhmupe33@google.com,"['A0203', 'A0201', 'A0206', 'A0202', 'A0208']"
dnkomev@google.com,"['A0302', 'A0502', 'B0201', 'A0101', 'A0208']"
gulgncp698@google.com,"['A0201', 'A0302', 'A0201', 'A0208', 'A0101']"
xunlmc5@google.com,"['A0208', 'A0208', 'A0208', 'A0401', 'A0101']"
znlecai118@google.com,"['A0202', 'A0201', 'A0502', 'A0207', 'A0201']"
mrir256@google.com,"['A0401', 'A0502', 'A0502', 'B0201', 'A0206']"
bxeedf72@google.com,"['B0201', 'A0207', 'A0201', 'A0208', 'A0207']"
qmijkcf@google.com,"['A0202', 'A0208', 'B0201', 'A0202', 'A0206']"
vuxnpnri80@google.com,"['A0202', 'A0206', 'A0201', 'A0401', 'A0202']"
eoqhdn90@google.com,"['A0207', 'A0202', 'B0201', 'A0208', 'A0401']"
oejx5@google.com,"['A0207', 'A0401', 'A0208', 'A0401', 'A0206']"
ouymws63@google.com,"['A0208', 'A0401', 'A0401', 'A0202', 'A0202']"
vrdgtpo7992@google.com,"['B0201', 'A0202', 'A0206', 'A0202', 'A0502']"
fqibua9@google.com,"['A0206', 'A0208', 'A0202', 'A0208', 'A0208']"
elgoi51@google.com,"['A0201', 'A0206', 'A0302', 'A0207', 'A0401']"
nyxdpy@google.com,"['A0206', 'A0202', 'A0101', 'A0401', 'A0502']"
rgkhqfz3599@google.com,"['A0401', 'B0201', 'A0202', 'A0206', 'A0401']"
qdisz0@google.com,"['B0201', 'A0208', 'A0201', 'B0201', 'A0101']"
vjnyjeg101@google.com,"['A0201', 'A0401', 'A0401', 'A0202', 'A0401']"
pcwnhyze@google.com,"['A0207', 'A0207', 'A0201', 'A0302', 'A0401']"
labth@google.com,"['A0101', 'A0207', 'A0202', 'A0401', 'A0201']"
eorm946@google.com,"['A0206', 'A0201', 'A0201', 'B0201', 'A0201']"
guvnh893@google.com,"['B0201', 'A0401', 'A0207', 'A0302', 'A0202']"
tcvzznb1@google.com,"['A0208', 'A0203', 'A0202', 'A0401', 'A0202']"
yapgigv22@google.com,"['A0101', 'A0201', 'A0203', 'B0201', 'A0201']"
ouppwp20@google.com,"['B0201', 'A0502', 'A0401', 'A0203', 'B0201']"
ddqvc@google.com,"['A0203', 'A0208', 'A0101', 'A0207', 'A0208']"
ggtp88@google.com,"['A0401', 'A0206', 'A0201', 'A0401', 'A0203']"
wanw@google.com,"['A0502', 'A0502', 'A0302', 'A0201', 'A0401']"
lugyrq5935@google.com,"['A0101', 'A0202', 'A0201', 'A0401', 'A0101']"
japlg@google.com,"['A0203', 'A0208', 'A0203', 'B0201', 'A0302']"
cmcw9720@google.com,"['A0401', 'A0101', 'A0401', 'A0401', 'B0201']"
tpzapph7@google.com,"['A0203', 'A0206', 'B0201', 'A0502', 'A0401']"
irushp4@google.com,"['A0202', 'A0202', 'B0201', 'A0202', 'A0302']"
jkep6@google.com,"['A0401', 'A0401', 'A0208', 'A0207', 'A0401']"
jpctutl7@google.com,"['A0202', 'A0201', 'A0203', 'A0203', 'A0206']"
mvaqm0188@google.com,"['A0101', 'A0302', 'A0208', 'A0206', 'A0101']"
frydh16@google.com,"['A0207', 'A0502', 'A0201', 'A0101', 'A0502']"
egwcp334@google.com,"['A0401', 'A0206', 'A0203', 'A0302', 'A0201']"
wvqijrge0@google.com,"['A0206', 'A0202', 'A0207', 'B0201', 'A0502']"
utyjfysp5716@google.com,"['A0206', 'A0206', 'A0207', 'A0201', 'A0203']"
wdvpyqyu94@google.com,"['A0202', 'A0207', 'A0101', 'A0101', 'A0502']"
csdjiuda85@google.com,"['A0207', 'A0206', 'A0302', 'A0203', 'A0302']"
xcwq2343@google.com,"['A0401', 'A0101', 'A0203', 'A0206', 'A0207']"
tmkcocqg@google.com,"['A0202', 'A0502', 'B0201', 'A0202', 'A0207']"
mtaasd9@google.com,"['A0207', 'A0302', 'A0401', 'B0201', 'A0208']"
jlwg3@google.com,"['A0203', 'A0101', 'A0401', 'A0302', 'A0206']"
ciyjifm7058@google.com,"['A0208', 'B0201', 'A0202', 'A0201', 'A0502']"
arlutjcw0765@google.com,"['A0401', 'A0206', 'A0207', 'A0401', 'A0502']"
fyptkvqe9272@google.com,"['A0502', 'A0502', 'A0502', 'A0206', 'A0207']"
zzfx617@google.com,"['A0203', 'A0201', 'A0101', 'A0206', 'A0401']"
emukxnf910@google.com,"['A0208', 'A0206', 'A0206', 'A0207', 'A0207']"
dbcetwx60@google.com,"['A0502', 'A0203', 'A0203', 'A0208', 'A0203']"
iqifaeaf77@google.com,"['A0502', 'A0401', 'A0101', 'A0302', 'A0302']"
aobw1206@google.com,"['A0401', 'B0201', 'A0201', 'A0207', 'A0203']"
rktof7687@google.com,"['A0203', 'A0401', 'A0401', 'A0203', 'A0302']"
vsygae49@google.com,"['A0206', 'A0206', 'A0101', 'A0202', 'A0203']"
kyrnhb60@google.com,"['A0208', 'A0401', 'A0101', 'A0202', 'A0202']"
kvdrs639@google.com,"['A0201', 'A0203', 'A0202', 'B0201', 'A0302']"
bbcoj3@google.com,"['A0401', 'A0201', 'A0502', 'A0208', 'A0206']"
glpf32@google.com,"['A0206', 'A0208', 'B0201', 'A0207', 'A0202']"
qhmxurnq5045@google.com,"['A0401', 'A0203', 'A0502', 'A0206', 'A0502']"
ipufdrs05@google.com,"['A0101', 'A0206', 'A0101', 'A0208', 'A0502']"
chsl88@google.com,"['A0206', 'A0203', 'B0201', 'A0207', 'A0302']"
lhpdukvh0408@google.com,"['A0207', 'B0201', 'A0502', 'A0207', 'A0207']"
zcrltgbq45@google.com,"['A0202', 'A0206', 'A0101', 'A0401', 'A0207']"
johrizr@google.com,"['A0207', 'A0401', 'A0203', 'A0101', 'A0203']"
xfphnxhi@google.com,"['A0101', 'A0207', 'A0101', 'A0201', 'A0101']"
dmrs4917@google.com,"['A0206', 'A0302', 'A0201', 'A0101', 'A0208']"
zczsnvxk47@google.com,"['A0302', 'A0101', 'A0208', 'A0206', 'A0202']"
uxnik4@google.com,"['A0302', 'A0101', 'A0207', 'A0203', 'A0401']"
zxtgrax0086@google.com,"['A0202', 'A0203', 'A0201', 'A0101', 'A0207']"
oimgjlfq6@google.com,"['A0302', 'A0101', 'A0401', 'A0302', 'A0502']"
gmoebt2847@google.com,"['A0302', 'B0201', 'A0302', 'A0101', 'A0203']"
hril@google.com,"['A0201', 'A0201', 'A0207', 'A0401', 'A0401']"
ljwsb8@google.com,"['A0101', 'A0302', 'A0502', 'A0101', 'A0101']"
qfqp797@google.com,"['A0201', 'A0101', 'A0101', 'A0208', 'A0502']"
ihjh74@google.com,"['A0101', 'A0201', 'B0201', 'A0201', 'A0207']"
vahivox@google.com,"['A0101', 'A0201', 'A0201', 'A0203', 'A0203']"
vxrbkrd2@google.com,"['A0201', 'A0202', 'A0101', 'A0203', 'A0208']"
edwjczmu783@google.com,"['A0302', 'A0401', 'A0203', 'A0201', 'A0208']"
egjewnm4964@google.com,"['A0201', 'A0203', 'A0502', 'A0502', 'A0203']"
kverue@google.com,"['A0101', 'A0203', 'A0207', 'A0302', 'A0502']"
gxbqsn66@google.com,"['B0201', 'A0502', 'A0203', 'A0101', 'A0101']"
lycvcjzn@google.com,"['A0302', 'A0201', 'A0203', 'A0101', 'A0201']"
jybd2767@google.com,"['A0206', 'A0401', 'A0201', 'A0202', 'A0202']"
nnyrnbb7@google.com,"['A0206', 'A0202', 'A0101', 'A0203', 'A0208']"
lrarbpa784@google.com,"['A0208', 'A0401', 'A0202', 'A0502', 'A0502']"
ijfaa479@google.com,"['A0302', 'A0207', 'A0201', 'A0101', 'B0201']"
gxkhier@google.com,"['A0206', 'A0101', 'A0203', 'A0208', 'A0207']"
bmuejomp04@google.com,"['A0203', 'A0401', 'A0502', 'A0302', 'A0206']"
sdsaql0@google.com,"['B0201', 'B0201', 'A0202', 'B0201', 'A0208']"
rtezk@google.com,"['A0203', 'B0201', 'A0101', 'A0302', 'A0208']"
gkwvdm0173@google.com,"['A0206', 'A0207', 'A0502', 'B0201', 'A0502']"
wibu@google.com,"['A0202', 'A0206', 'A0502', 'A0401', 'A0208']"
vjyo145@google.com,"['A0302', 'A0101', 'A0208', 'A0502', 'A0201']"
aqcjer674@google.com,"['A0202', 'A0101', 'A0202', 'A0101', 'A0201']"
hbaba@google.com,"['A0101', 'B0201', 'A0208', 'B0201', 'A0203']"
uydrvhl@google.com,"['A0208', 'A0302', 'A0101', 'A0201', 'A0202']"
uhrvsdq477@google.com,"['B0201', 'A0207', 'A0502', 'A0208', 'A0202']"
xjbtyiu806@google.com,"['A0201', 'A0502', 'A0502', 'A0502', 'B0201']"
zltss5@google.com,"['A0208', 'A0302', 'A0101', 'B0201', 'A0302']"
lluulzxp67@google.com,"['A0203', 'A0101', 'A0208', 'A0201', 'A0401']"
mwyqc972@google.com,"['A0203', 'A0502', 'A0302', 'A0202', 'A0207']"
uuxykabn210@google.com,"['A0502', 'A0401', 'A0201', 'A0203', 'A0203']"
offeiq@google.com,"['A0302', 'A0302', 'A0203', 'A0206', 'A0302']"
dchw@google.com,"['A0202', 'A0502', 'A0401', 'A0202', 'A0206']"
vfcilbns23@google.com,"['A0502', 'A0101', 'B0201', 'A0207', 'A0502']"
lmczqn@google.com,"['A0302', 'A0302', 'A0302', 'A0201', 'A0101']"
iaagji48@google.com,"['A0502', 'A0201', 'A0203', 'A0202', 'B0201']"
pulws5575@google.com,"['A0207', 'A0202', 'A0101', 'A0302', 'A0201']"
leoceqxz9@google.com,"['A0207', 'A0101', 'A0302', 'A0208', 'A0201']"
xlvh7912@google.com,"['A0502', 'A0207', 'A0502', 'A0201', 'A0302']"
etwu7302@google.com,"['A0203', 'A0502', 'A0206', 'A0206', 'A0201']"
tucns@google.com,"['A0502', 'A0203', 'A0302', 'A0302', 'A0207']"
pnapzug@google.com,"['A0302', 'A0206', 'A0203', 'B0201', 'A0302']"
ejvfaxc345@google.com,"['A0202', 'A0302', 'B0201', 'A0401', 'A0208']"
iqnhwvzo4118@google.com,"['A0201', 'A0302', 'A0208', 'A0502', 'A0101']"
vjgrizzi@google.com,"['A0201', 'A0201', 'A0203', 'A0206', 'B0201']"
szqeznl54@google.com,"['A0302', 'A0203', 'A0201', 'A0207', 'B0201']"
atklcie312@google.com,"['A0206', 'A0206', 'A0208', 'A0203', 'A0202']"
rydm@google.com,"['A0207', 'A0207', 'A0101', 'A0401', 'A0203']"
vwaxamzm9392@google.com,"['A0302', 'A0202', 'A0502', 'A0206', 'A0206']"
wnimo6@google.com,"['A0502', 'A0502', 'A0201', 'A0206', 'A0207']"
uocljctv09@google.com,"['A0502', 'A0302', 'B0201', 'B0201', 'A0502']"
blannc459@google.com,"['A0201', 'A0206', 'A0207', 'A0207', 'A0202']"
tkhlhu8@google.com,"['A0401', 'A0401', 'A0502', 'A0401', 'A0202']"
udbsoh7780@google.com,"['A0401', 'A0101', 'A0203', 'A0201', 'A0101']"
oukwuywi0714@google.com,"['A0401', 'A0502', 'A0101', 'A0401', 'A0502']"
gghxw484@google.com,"['A0203', 'A0206', 'A0207', 'A0203', 'A0502']"
cehhfzwj92@google.com,"['A0206', 'A0502', 'A0208', 'A0502', 'A0203']"
yhksnj475@google.com,"['A0201', 'A0401', 'A0401', 'A0202', 'A0502']"
ekgvw@google.com,"['A0207', 'A0208', 'B0201', 'A0502', 'A0502']"
zeahls@google.com,"['A0208', 'A0302', 'A0302', 'A0208', 'A0401']"
nbhkszf87@google.com,"['A0502', 'A0203', 'A0207', 'A0203', 'A0203']"
mfcfughk@google.com,"['A0201', 'A0302', 'A0502', 'A0401', 'B0201']"
qbikkg61@google.com,"['A0203', 'A0208', 'A0302', 'A0201', 'A0302']"
lsoqqi6232@google.com,"['A0101', 'A0101', 'A0203', 'A0208', 'A0207']"
aidgrh033@google.com,"['A0401', 'A0203', 'B0201', 'B0201', 'A0302']"
mmfnsw8@google.com,"['B0201', 'A0302', 'A0502', 'A0502', 'A0502']"
frjmzr1008@google.com,"['A0401', 'A0206', 'A0201', 'A0206', 'A0401']"
sndmzbtj2@google.com,"['A0201', 'A0203', 'A0502', 'A0202', 'A0401']"
ewvzcww51@google.com,"['B0201', 'A0202', 'B0201', 'A0101', 'A0208']"
kzfvzxha@google.com,"['A0101', 'A0208', 'B0201', 'A0207', 'A0401']"
ohbk@google.com,"['B0201', 'A0206', 'A0101', 'A0502', 'A0302']"
njczhq395@google.com,"['A0502', 'A0208', 'A0302', 'A0207', 'A0207']"
uwako1@google.com,"['B0201', 'A0203', 'A0502', 'A0101', 'A0207']"
qqvshgjh8@google.com,"['A0302', 'A0201', 'A0207', 'B0201', 'A0101']"
vjjil67@google.com,"['A0203', 'A0101', 'A0203', 'A0401', 'A0207']"
qoqnf0@google.com,"['A0206', 'A0206', 'A0502', 'B0201', 'A0203']"
iqzhlzh7675@google.com,"['A0502', 'A0401', 'A0201', 'A0401', 'A0502']"
npqkbjy771@google.com,"['A0203', 'A0203', 'A0202', 'A0206', 'A0202']"
zusv2@google.com,"['A0502', 'A0302', 'A0401', 'A0208', 'A0302']"
sbacift@google.com,"['A0302', 'A0201', 'A0201', 'A0502', 'A0206']"
ntobdaq7@google.com,"['A0302', 'A0206', 'A0101', 'A0206', 'A0201']"
atshy@google.com,"['A0206', 'A0201', 'A0101', 'A0201', 'A0302']"
bxedrm532@google.com,"['A0203', 'A0207', 'A0201', 'A0203', 'B0201']"
znjg3490@google.com,"['A0502', 'A0302', 'A0203', 'A0201', 'A0401']"
iwzq2@google.com,"['A0201', 'A0502', 'A0201', 'A0201', 'A0203']"
akbodb45@google.com,"['B0201', 'B0201', 'A0201', 'A0203', 'A0401']"
wyvvaxil@google.com,"['A0401', 'A0203', 'A0502', 'A0302', 'A0202']"
yoomgm853@google.com,"['A0206', 'A0302', 'A0206', 'A0101', 'A0502']"
ubkimi8@google.com,"['B0201', 'A0208', 'A0502', 'A0401', 'A0401']"
eyszm@google.com,"['A0101', 'A0208', 'A0101', 'A0202', 'A0302']"
ijwqublk175@google.com,"['A0502', 'A0207', 'A0203', 'A0502', 'A0401']"
qdpfytca1028@google.com,"['B0201', 'A0207', 'A0208', 'A0502', 'A0208']"
yxismg93@google.com,"['B0201', 'A0203', 'A0201', 'A0206', 'A0206']"
udxm05@google.com,"['A0101', 'A0206', 'A0203', 'A0302', 'A0401']"
nxzclrrs52@google.com,"['A0206', 'A0202', 'A0207', 'A0206', 'A0101']"
cfqkqvd@google.com,"['A0502', 'B0201', 'A0101', 'A0101', 'A0101']"
yvixrok@google.com,"['A0101', 'A0302', 'A0101', 'A0208', 'A0203']"
xrfr8023@google.com,"['A0206', 'B0201', 'A0201', 'A0203', 'A0502']"
uxac@google.com,"['A0206', 'A0302', 'A0207', 'A0502', 'A0207']"
nftbu@google.com,"['A0207', 'A0206', 'A0401', 'B0201', 'A0207']"
ytiiivz9@google.com,"['A0206', 'A0201', 'B0201', 'A0502', 'A0206']"
iczidtw6@google.com,"['A0101', 'A0203', 'A0101', 'A0101', 'A0207']"
wwazncy92@google.com,"['A0203', 'A0203', 'A0101', 'A0302', 'A0203']"
pqhqb17@google.com,"['A0207', 'A0207', 'A0207', 'A0203', 'A0207']"
ggtpdjb373@google.com,"['B0201', 'A0202', 'A0401', 'A0208', 'A0502']"
hlim716@google.com,"['A0302', 'B0201', 'A0203', 'A0206', 'A0502']"
fuzownuz72@google.com,"['A0502', 'A0401', 'A0401', 'A0201', 'A0207']"
xbgjw571@google.com,"['A0206', 'A0502', 'A0201', 'A0206', 'A0502']"
whbwar@google.com,"['A0201', 'A0202', 'A0208', 'A0208', 'A0203']"
nxkz@google.com,"['A0101', 'A0206', 'A0401', 'A0401', 'A0502']"
zlrn050@google.com,"['A0203', 'A0207', 'A0202', 'A0401', 'A0101']"
klontd30@google.com,"['A0302', 'A0208', 'A0206', 'A0208', 'B0201']"
vtjmea1053@google.com,"['A0101', 'A0302', 'A0101', 'A0302', 'A0207']"
pubchy4968@google.com,"['A0101', 'B0201', 'A0502', 'A0207', 'A0202']"
wqfv9@google.com,"['A0201', 'A0401', 'A0401', 'A0208', 'A0203']"
zyymik32@google.com,"['A0502', 'B0201', 'A0203', 'A0401', 'A0208']"
mflpad1014@google.com,"['A0203', 'B0201', 'A0202', 'A0203', 'A0203']"
hcpox713@google.com,"['A0203', 'A0203', 'A0101', 'A0302', 'A0401']"
ngjmhwc66@google.com,"['A0207', 'A0302', 'A0208', 'A0208', 'A0208']"
oiqlweao8@google.com,"['A0202', 'A0207', 'A0206', 'A0101', 'A0302']"
lefxu7442@google.com,"['A0201', 'A0502', 'A0207', 'A0206', 'A0208']"
nmowup4@google.com,"['A0201', 'B0201', 'B0201', 'A0203', 'A0203']"
fkbimi37@google.com,"['A0302', 'A0201', 'A0502', 'A0502', 'A0202']"
vwteqah@google.com,"['A0206', 'A0208', 'A0207', 'A0203', 'A0502']"
xkayqxjp6@google.com,"['A0206', 'A0302', 'A0101', 'B0201', 'A0203']"
khgo2933@google.com,"['A0206', 'A0201', 'A0101', 'A0401', 'A0208']"
xfng@google.com,"['A0206', 'A0502', 'A0101', 'A0502', 'A0207']"
urbv64@google.com,"['A0401', 'A0101', 'A0302', 'A0203', 'A0202']"
kwlbds437@google.com,"['A0203', 'A0203', 'A0502', 'B0201', 'B0201']"
tkmagg02@google.com,"['A0202', 'A0202', 'B0201', 'A0206', 'B0201']"
zhzbauy45@google.com,"['A0502', 'A0202', 'A0203', 'A0101', 'A0101']"
temqdvf0274@google.com,"['A0502', 'A0203', 'A0208', 'A0201', 'A0201']"
dntj1663@google.com,"['A0201', 'A0302', 'A0206', 'A0203', 'A0203']"
vykjlbui2@google.com,"['A0401', 'A0302', 'A0302', 'A0401', 'A0502']"
gaqge955@google.com,"['A0201', 'B0201', 'B0201', 'A0302', 'A0201']"
bkvgev6928@google.com,"['A0208', 'A0302', 'A0202', 'A0202', 'A0202']"
vazwu@google.com,"['A0302', 'A0208', 'A0207', 'A0202', 'A0502']"
dhlqyd@google.com,"['A0208', 'A0207', 'A0206', 'A0101', 'A0202']"
jxxusabf6@google.com,"['A0101', 'A0206', 'A0206', 'A0207', 'A0502']"
hvlsffpz@google.com,"['A0201', 'A0302', 'A0206', 'A0208', 'A0502']"
ceukf347@google.com,"['A0502', 'A0206', 'A0203', 'A0302', 'A0206']"
qgjldivd3933@google.com,"['A0502', 'A0206', 'B0201', 'A0101', 'A0203']"
cdzxmx21@google.com,"['A0502', 'A0401', 'A0401', 'A0203', 'A0207']"
ltjksnu21@google.com,"['A0203', 'A0201', 'A0101', 'A0101', 'A0208']"
ztgnnkza97@google.com,"['A0206', 'A0201', 'A0502', 'A0207', 'A0401']"
etib3@google.com,"['A0206', 'A0302', 'A0202', 'A0206', 'A0302']"
hiwnhipm10@google.com,"['A0208', 'B0201', 'B0201', 'A0201', 'A0502']"
jspq245@google.com,"['B0201', 'A0203', 'A0502', 'A0208', 'A0502']"
epjkal8@google.com,"['A0207', 'A0201', 'A0203', 'A0201', 'A0203']"
uwpn06@google.com,"['B0201', 'A0206', 'A0208', 'A0207', 'A0502']"
zvweteu@google.com,"['B0201', 'A0203', 'A0101', 'A0401', 'A0502']"
yexowhe@google.com,"['A0206', 'A0203', 'B0201', 'A0203', 'A0101']"
vhlgjht@google.com,"['A0206', 'A0203', 'B0201', 'A0302', 'A0302']"
xemaaut3933@google.com,"['A0207', 'B0201', 'A0502', 'A0207', 'A0202']"
yzesunq6757@google.com,"['A0101', 'B0201', 'A0502', 'A0401', 'A0502']"
vtcx54@google.com,"['B0201', 'A0207', 'A0202', 'A0302', 'A0208']"
iycryode7@google.com,"['A0502', 'A0201', 'A0202', 'A0207', 'A0206']"
ikkto4832@google.com,"['A0502', 'A0202', 'A0202', 'B0201', 'A0203']"
vshwbcmj43@google.com,"['A0203', 'A0202', 'A0206', 'A0401', 'B0201']"
sugf4@google.com,"['A0203', 'A0202', 'A0207', 'A0203', 'B0201']"
pjenkkx06@google.com,"['A0206', 'A0201', 'A0302', 'A0208', 'A0203']"
cqeosf@google.com,"['A0302', 'A0201', 'A0302', 'A0206', 'A0101']"
defsqo2455@google.com,"['A0202', 'A0206', 'A0203', 'A0502', 'A0203']"
cuceebul2400@google.com,"['A0302', 'A0502', 'A0302', 'A0207', 'A0502']"
xpagj374@google.com,"['A0502', 'A0201', 'B0201', 'A0502', 'A0202']"
yvsnelau9826@google.com,"['A0207', 'A0207', 'A0302', 'A0208', 'A0202']"
hycyirm0362@google.com,"['A0206', 'A0302', 'A0401', 'A0502', 'A0101']"
kcevt98@google.com,"['A0502', 'A0206', 'A0401', 'A0101', 'A0101']"
cicag@google.com,"['A0302', 'A0206', 'B0201', 'A0208', 'A0207']"
rqohnltp6237@google.com,"['A0208', 'A0203', 'A0401', 'A0502', 'A0206']"
hawnhijo7@google.com,"['A0401', 'A0202', 'A0502', 'A0208', 'A0202']"
fmanjrz@google.com,"['A0201', 'A0502', 'A0206', 'A0203', 'A0201']"
mxwx53@google.com,"['A0302', 'A0202', 'A0502', 'A0401', 'A0207']"
wzqi@google.com,"['B0201', 'A0207', 'A0207', 'A0203', 'A0203']"
euogmt34@google.com,"['A0202', 'A0203', 'A0502', 'A0502', 'B0201']"
rtvqiosn94@google.com,"['A0401', 'A0206', 'A0502', 'A0208', 'A0203']"
ggdyrzo136@google.com,"['A0101', 'A0101', 'A0206', 'A0207', 'A0202']"
biaji4@google.com,"['A0401', 'A0207', 'A0401', 'A0207', 'A0502']"
rceeivf@google.com,"['A0101', 'A0202', 'A0401', 'A0401', 'A0401']"
xfbunp5@google.com,"['A0502', 'A0207', 'A0302', 'A0101', 'A0202']"
bker4@google.com,"['A0302', 'A0203', 'A0208', 'A0206', 'A0201']"
ypvrbv52@google.com,"['A0207', 'A0201', 'B0201', 'A0302', 'A0203']"
muqwfjt@google.com,"['A0206', 'A0302', 'A0502', 'A0101', 'A0101']"
qymna@google.com,"['B0201', 'A0206', 'A0202', 'A0401', 'A0207']"
lkbgcvmi6@google.com,"['A0203', 'A0207', 'A0207', 'A0502', 'A0202']"
nwclmrj7@google.com,"['A0208', 'A0203', 'A0207', 'A0401', 'A0203']"
jvehc815@google.com,"['A0208', 'A0101', 'A0202', 'A0101', 'A0401']"
gxstbkzy54@google.com,"['B0201', 'A0203', 'A0208', 'A0101', 'A0203']"
nuksult30@google.com,"['A0502', 'A0203', 'A0207', 'A0207', 'A0207']"
qfpnwv136@google.com,"['A0401', 'A0101', 'A0206', 'A0302', 'A0206']"
fucualj3303@google.com,"['A0206', 'A0202', 'A0101', 'A0302', 'A0202']"
kkbbfuil193@google.com,"['A0207', 'A0101', 'A0208', 'A0207', 'A0201']"
bkcbljg04@google.com,"['A0208', 'A0201', 'A0206', 'A0208', 'A0401']"
aymv4559@google.com,"['A0206', 'B0201', 'A0207', 'B0201', 'A0101']"
lhibl595@google.com,"['A0201', 'A0202', 'A0207', 'A0201', 'A0202']"
quyteyn2826@google.com,"['A0206', 'A0208', 'A0401', 'A0502', 'A0502']"
kpzfk13@google.com,"['A0302', 'A0302', 'A0207', 'A0401', 'A0302']"
qsryuakq2@google.com,"['A0207', 'A0302', 'A0203', 'A0202', 'B0201']"
iklhrf556@google.com,"['B0201', 'B0201', 'A0101', 'A0401', 'A0302']"
jpuop36@google.com,"['B0201', 'A0207', 'A0207', 'A0202', 'A0502']"
rhxq263@google.com,"['B0201', 'A0201', 'A0502', 'A0206', 'A0202']"
gnkx239@google.com,"['A0202', 'A0207', 'A0206', 'A0401', 'A0207']"
xfixveze3@google.com,"['B0201', 'A0302', 'A0502', 'A0203', 'A0202']"
uult296@google.com,"['A0208', 'A0201', 'A0203', 'A0206', 'A0206']"
wmcgqqj1@google.com,"['A0203', 'A0302', 'B0201', 'A0101', 'A0206']"
rmzvcqf@google.com,"['A0201', 'A0208', 'A0208', 'A0401', 'A0401']"
strsxo6429@google.com,"['A0401', 'A0202', 'A0203', 'A0502', 'A0502']"
raxsvtx4@google.com,"['A0207', 'A0203', 'A0206', 'A0203', 'A0203']"
wdqhhfqe685@google.com,"['B0201', 'A0207', 'A0302', 'A0206', 'A0201']"
dsgnuj@google.com,"['A0201', 'A0201', 'A0203', 'A0502', 'A0101']"
kwqguc7614@google.com,"['A0101', 'A0101', 'A0207', 'A0202', 'A0206']"
xury4@google.com,"['A0203', 'A0201', 'A0208', 'B0201', 'B0201']"
gbqcr@google.com,"['A0101', 'A0401', 'A0401', 'A0202', 'A0207']"
sfirmfhr3974@google.com,"['A0401', 'A0302', 'A0202', 'A0202', 'A0206']"
qdnqd0@google.com,"['A0208', 'A0401', 'A0101', 'A0201', 'A0502']"
qdhg01@google.com,"['A0206', 'A0201', 'A0208', 'A0302', 'A0302']"
fhtn38@google.com,"['A0302', 'A0101', 'B0201', 'A0206', 'B0201']"
damdqz55@google.com,"['A0302', 'A0203', 'B0201', 'A0302', 'B0201']"
ycqx8@google.com,"['A0302', 'A0401', 'A0202', 'A0203', 'A0401']"
hwtl7@google.com,"['A0206', 'B0201', 'A0206', 'A0101', 'A0207']"
gdko652@google.com,"['A0302', 'A0207', 'A0302', 'A0201', 'B0201']"
ukediwl915@google.com,"['A0101', 'A0502', 'A0208', 'A0203', 'A0202']"
cfzgvnvg6207@google.com,"['A0208', 'B0201', 'B0201', 'A0202', 'A0302']"
rtecugqr@google.com,"['A0207', 'A0203', 'A0502', 'A0203', 'A0207']"
diccgptb802@google.com,"['A0401', 'A0203', 'A0202', 'A0203', 'A0201']"
mcgf849@google.com,"['A0502', 'A0502', 'A0302', 'A0202', 'A0202']"
rtau4@google.com,"['A0202', 'A0202', 'A0206', 'A0302', 'A0502']"
kqjcb78@google.com,"['A0201', 'A0401', 'A0207', 'A0202', 'A0208']"
iutzlqq20@google.com,"['A0201', 'A0502', 'A0401', 'A0206', 'A0201']"
llyetl11@google.com,"['A0201', 'A0302', 'A0206', 'A0206', 'A0203']"
yqsake@google.com,"['A0203', 'B0201', 'A0207', 'A0201', 'A0502']"
srako0@google.com,"['A0502', 'A0206', 'A0201', 'A0206', 'B0201']"
noai25@google.com,"['A0203', 'A0201', 'A0202', 'A0207', 'A0401']"
ofxfx3@google.com,"['A0202', 'A0208', 'A0208', 'A0502', 'A0502']"
xwtwqw@google.com,"['A0203', 'A0101', 'A0201', 'A0202', 'A0208']"
lbonk8094@google.com,"['A0202', 'A0201', 'A0207', 'A0208', 'A0207']"
urddehv@google.com,"['A0207', 'A0206', 'A0202', 'A0401', 'B0201']"
nhna22@google.com,"['A0101', 'A0207', 'A0207', 'A0201', 'A0208']"
ybpd@google.com,"['A0401', 'A0401', 'A0206', 'A0201', 'A0201']"
exmwi55@google.com,"['A0207', 'A0207', 'A0201', 'A0502', 'A0206']"
ttsp0809@google.com,"['A0202', 'A0203', 'B0201', 'A0206', 'A0202']"
urbmkh768@google.com,"['B0201', 'A0202', 'A0302', 'A0101', 'A0502']"
yjbqqe329@google.com,"['B0201', 'A0502', 'A0203', 'A0502', 'A0302']"
ezlzvoln@google.com,"['A0302', 'B0201', 'A0208', 'A0101', 'A0101']"
uaipid@google.com,"['A0401', 'B0201', 'A0202', 'A0502', 'A0502']"
slnqg6997@google.com,"['A0201', 'A0201', 'A0208', 'B0201', 'B0201']"
qtufuuyt74@google.com,"['A0201', 'A0202', 'A0502', 'A0206', 'A0208']"
bywy367@google.com,"['A0208', 'A0207', 'A0202', 'B0201', 'A0202']"
flza@google.com,"['A0401', 'A0207', 'A0502', 'A0207', 'A0207']"
vgkphq986@google.com,"['A0502', 'A0401', 'A0101', 'A0101', 'A0207']"
yvgeuqzx4@google.com,"['A0502', 'A0401', 'A0206', 'A0302', 'A0302']"
qfzziusa3985@google.com,"['A0206', 'A0502', 'B0201', 'A0202', 'A0206']"
ybza77@google.com,"['A0302', 'A0208', 'A0401', 'A0202', 'A0401']"
wjtakj1@google.com,"['A0101', 'A0206', 'A0206', 'A0202', 'A0101']"
qyrnpt@google.com,"['B0201', 'A0302', 'A0201', 'A0101', 'A0302']"
rccbchco837@google.com,"['A0201', 'A0201', 'A0208', 'A0101', 'A0101']"
mmbpyxdj5@google.com,"['A0203', 'A0203', 'A0207', 'A0101', 'A0207']"
emdalb1157@google.com,"['A0302', 'B0201', 'A0201', 'A0208', 'A0502']"
xhpdw@google.com,"['A0502', 'A0203', 'A0202', 'A0207', 'A0101']"
wsrejsr2@google.com,"['A0101', 'A0202', 'A0208', 'A0201', 'A0206']"
rnbugkf774@google.com,"['A0208', 'A0207', 'A0202', 'A0101', 'A0202']"
ftwwr1691@google.com,"['A0101', 'A0207', 'B0201', 'A0203', 'B0201']"
tbptwm960@google.com,"['A0302', 'A0101', 'A0302', 'A0207', 'A0101']"
gugdgp82@google.com,"['A0208', 'A0201', 'A0207', 'A0302', 'A0302']"
nvakpgg@google.com,"['A0302', 'A0202', 'A0202', 'A0202', 'A0202']"
bjneytb@google.com,"['A0101', 'A0502', 'A0302', 'A0201', 'B0201']"
ndbxt271@google.com,"['A0302', 'A0201', 'A0302', 'A0502', 'A0208']"
rwkqwqwg2@google.com,"['A0208', 'A0401', 'A0206', 'A0207', 'A0202']"
ufgeaadc76@google.com,"['A0203', 'A0502', 'A0201', 'B0201', 'B0201']"
ckrkcb024@google.com,"['A0207', 'A0208', 'A0502', 'A0401', 'A0101']"
knjpsb46@google.com,"['A0502', 'A0208', 'A0207', 'A0206', 'A0401']"
nljj3@google.com,"['A0502', 'A0208', 'A0202', 'A0203', 'A0302']"
eejw4963@google.com,"['A0207', 'A0203', 'A0502', 'A0208', 'A0201']"
pouaf000@google.com,"['A0208', 'A0401', 'A0202', 'A0206', 'B0201']"
uoizqgeq@google.com,"['A0208', 'A0203', 'A0401', 'A0207', 'A0101']"
xlnmxvy53@google.com,"['A0206', 'A0201', 'A0207', 'B0201', 'A0502']"
rihva3376@google.com,"['A0203', 'A0208', 'A0401', 'A0208', 'A0302']"
atehryyq4@google.com,"['A0401', 'A0208', 'A0208', 'A0203', 'A0203']"
vdlzaz98@google.com,"['A0203', 'A0502', 'A0207', 'A0401', 'A0201']"
mncz5364@google.com,"['A0206', 'B0201', 'B0201', 'A0302', 'A0201']"
vqmxgd01@google.com,"['A0201', 'A0208', 'A0208', 'A0401', 'A0203']"
mqixtdu6@google.com,"['A0502', 'A0201', 'A0302', 'A0208', 'A0101']"
zbfihpbc@google.com,"['A0207', 'A0302', 'A0502', 'A0401', 'A0202']"
adkrx@google.com,"['A0502', 'A0203', 'A0401', 'A0401', 'A0201']"
neulqai556@google.com,"['A0208', 'A0202', 'A0401', 'A0302', 'A0206']"
vzmlqjbo7@google.com,"['A0203', 'B0201', 'B0201', 'A0201', 'B0201']"
kexa6@google.com,"['A0207', 'A0201', 'A0206', 'B0201', 'A0208']"
modas@google.com,"['A0101', 'A0502', 'A0101', 'A0201', 'A0202']"
xskaoyx902@google.com,"['A0207', 'A0203', 'A0201', 'B0201', 'A0208']"
qhpgadp8@google.com,"['A0208', 'A0207', 'A0101', 'A0203', 'A0101']"
mvcgcpkd656@google.com,"['A0101', 'A0207', 'A0101', 'A0206', 'A0201']"
eesvbkhh0@google.com,"['A0207', 'A0202', 'A0302', 'A0208', 'A0203']"
euknnly@google.com,"['A0206', 'B0201', 'A0502', 'A0201', 'A0207']"
zfvizt23@google.com,"['A0208', 'A0207', 'A0101', 'A0203', 'A0201']"
nbtaonxi60@google.com,"['A0101', 'A0302', 'A0502', 'A0201', 'B0201']"
htxaj71@google.com,"['A0202', 'A0207', 'A0401', 'A0207', 'A0401']"
wxxlfcf9@google.com,"['A0208', 'A0208', 'A0203', 'A0302', 'B0201']"
nigq12@google.com,"['A0201', 'A0201', 'B0201', 'A0101', 'A0401']"
nwbi3@google.com,"['A0208', 'A0401', 'A0101', 'A0101', 'A0207']"
nzqtnin3914@google.com,"['A0208', 'A0206', 'A0401', 'A0302', 'A0207']"
qxrry7305@google.com,"['A0207', 'A0202', 'A0208', 'A0206', 'A0208']"
fkniflza@google.com,"['A0502', 'A0201', 'A0201', 'A0207', 'A0208']"
mvrfaka8@google.com,"['A0502', 'A0502', 'A0202', 'A0401', 'A0208']"
jvqvbkk85@google.com,"['A0206', 'A0208', 'A0206', 'A0207', 'A0101']"
kuxgkt55@google.com,"['A0206', 'B0201', 'A0207', 'A0101', 'A0101']"
okqzoscn4353@google.com,"['A0401', 'A0202', 'A0302', 'A0206', 'A0101']"
kklhwbel7178@google.com,"['A0203', 'B0201', 'A0207', 'A0208', 'A0208']"
nejpdfpj79@google.com,"['A0202', 'A0207', 'A0201', 'A0207', 'B0201']"
qntqkcrj1235@google.com,"['A0206', 'A0302', 'A0201', 'A0208', 'A0207']"
ryzobqg2750@google.com,"['A0206', 'A0202', 'A0502', 'A0202', 'A0101']"
hqqiwalx1@google.com,"['A0302', 'A0203', 'A0206', 'A0502', 'A0206']"
ukxkwliw47@google.com,"['A0302', 'A0206', 'A0201', 'A0202', 'A0202']"
wuvuao1841@google.com,"['A0203', 'A0203', 'A0201', 'A0208', 'A0302']"
abploam6685@google.com,"['A0203', 'A0202', 'A0101', 'A0401', 'A0401']"
pmgq0@google.com,"['A0502', 'A0208', 'A0206', 'A0401', 'A0101']"
vtlialn56@google.com,"['B0201', 'A0101', 'A0207', 'A0207', 'B0201']"
tcvmfr4@google.com,"['A0101', 'A0201', 'B0201', 'B0201', 'A0502']"
lqzsxskh7095@google.com,"['A0302', 'A0206', 'A0502', 'A0208', 'A0207']"
oepd919@google.com,"['B0201', 'A0201', 'A0206', 'A0206', 'A0401']"
cymrytb1@google.com,"['A0101', 'A0202', 'A0206', 'A0201', 'A0208']"
nrpeayis57@google.com,"['A0207', 'A0202', 'A0203', 'A0203', 'B0201']"
knlr35@google.com,"['A0207', 'A0202', 'A0502', 'A0207', 'A0401']"
pczlz@google.com,"['A0203', 'A0207', 'A0202', 'A0201', 'B0201']"
twkbg20@google.com,"['A0206', 'A0502', 'A0203', 'A0202', 'A0502']"
rhcp@google.com,"['A0401', 'A0208', 'B0201', 'A0207', 'B0201']"
vipyngsj@google.com,"['A0207', 'B0201', 'A0203', 'A0101', 'A0201']"
ekbby0627@google.com,"['A0502', 'A0202', 'A0502', 'A0502', 'A0203']"
yxuwt2@google.com,"['A0203', 'A0203', 'A0101', 'A0206', 'A0101']"
ybtbqu@google.com,"['A0207', 'A0207', 'A0502', 'A0202', 'A0203']"
zjvl@google.com,"['A0203', 'B0201', 'A0207', 'A0201', 'A0206']"
wklvsbnt9232@google.com,"['A0201', 'A0203', 'A0401', 'B0201', 'A0202']"
mqmm7@google.com,"['A0302', 'B0201', 'A0208', 'A0502', 'A0401']"
iniujb3@google.com,"['A0202', 'A0208', 'B0201', 'A0401', 'A0101']"
uoke0@google.com,"['A0101', 'A0302', 'A0203', 'B0201', 'B0201']"
prfx483@google.com,"['A0206', 'A0201', 'A0206', 'A0202', 'A0206']"
srpljo8049@google.com,"['B0201', 'A0202', 'A0207', 'A0101', 'A0302']"
fpjzuecm5544@google.com,"['A0206', 'A0302', 'A0502', 'A0101', 'A0202']"
lgawdpbq13@google.com,"['A0202', 'A0202', 'A0101', 'A0101', 'A0207']"
ewsrjq@google.com,"['B0201', 'A0203', 'A0502', 'A0202', 'A0302']"
gbmj30@google.com,"['A0502', 'A0502', 'A0202', 'A0302', 'A0206']"
urlzucxk0@google.com,"['A0201', 'A0101', 'A0203', 'A0302', 'A0206']"
rdblp08@google.com,"['A0203', 'A0302', 'B0201', 'A0401', 'A0201']"
